{
  "parent": "minecraft:item/generated",
  "textures": {
    "layer0": "minecraft:item/iron_horse_armor"
  },
  "overrides": [{"predicate":{"custom_model_data":19000},"model":"magic:war/ak47"},{"predicate":{"custom_model_data":19001},"model":"magic:war/sniperrifle"},{"predicate":{"custom_model_data":19002},"model":"magic:war/deserteagle"},{"predicate":{"custom_model_data":19003},"model":"magic:war/shotgun"},{"predicate":{"custom_model_data":19004},"model":"magic:war/rpg"},{"predicate":{"custom_model_data":19005},"model":"magic:war/flashbang"},{"predicate":{"custom_model_data":19006},"model":"magic:war/remote"},{"predicate":{"custom_model_data":19007},"model":"magic:war/incendiary"},{"predicate":{"custom_model_data":19008},"model":"magic:war/rpgshell"},{"predicate":{"custom_model_data":19009},"model":"magic:war/model3"},{"predicate":{"custom_model_data":19010},"model":"magic:war/ferrari"},{"predicate":{"custom_model_data":19011},"model":"magic:war/train"},{"predicate":{"custom_model_data":19012},"model":"magic:war/model3_white"},{"predicate":{"custom_model_data":19013},"model":"magic:war/model3_silver"},{"predicate":{"custom_model_data":19014},"model":"magic:war/model3_black"},{"predicate":{"custom_model_data":19015},"model":"magic:war/model3_red"},{"predicate":{"custom_model_data":19016},"model":"magic:war/dmr"},{"predicate":{"custom_model_data":19017},"model":"magic:war/hawk_shotgun_12"},{"predicate":{"custom_model_data":19018},"model":"magic:war/pkp"},{"predicate":{"custom_model_data":19019},"model":"magic:war/thompson"},{"predicate":{"custom_model_data":19020},"model":"magic:war/mp5"},{"predicate":{"custom_model_data":19021},"model":"magic:war/glock"},{"predicate":{"custom_model_data":19022},"model":"magic:war/sawedoff"},{"predicate":{"custom_model_data":19023},"model":"magic:war/shotgun2"},{"predicate":{"custom_model_data":19024},"model":"magic:war/m4"},{"predicate":{"custom_model_data":19025},"model":"item/iron_horse_armor"}]
}