{"sources": [{"type": "single", "resource": "infinityexpansion:tools/infinity_blade_layer_1"}, {"type": "single", "resource": "infinityexpansion:materials/materials2/iron_singularity_layer_0"}, {"type": "single", "resource": "infinityexpansion:materials/materials2/iron_singularity_layer_1"},  {"type": "single", "resource": "infinityexpansion:materials/materials2/coal_singularity_layer_0"}, {"type": "single", "resource": "infinityexpansion:materials/materials2/coal_singularity_layer_1"},  {"type": "single", "resource": "infinityexpansion:materials/materials2/magnesium_singularity_layer_0"}, {"type": "single", "resource": "infinityexpansion:materials/materials2/magnesium_singularity_layer_1"}, {"type": "single", "resource": "infinityexpansion:materials/materials2/copper_singularity_layer_0"}, {"type": "single", "resource": "infinityexpansion:materials/materials2/copper_singularity_layer_1"}, {"type": "single", "resource": "infinityexpansion:materials/materials2/gold_singularity_layer_0"}, {"type": "single", "resource": "infinityexpansion:materials/materials2/gold_singularity_layer_1"}, {"type": "single", "resource": "infinityexpansion:materials/materials2/emerald_singularity_layer_0"}, {"type": "single", "resource": "infinityexpansion:materials/materials2/emerald_singularity_layer_1"}, {"type": "single", "resource": "infinityexpansion:materials/materials2/tin_singularity_layer_0"}, {"type": "single", "resource": "infinityexpansion:materials/materials2/tin_singularity_layer_1"},  {"type": "single", "resource": "infinityexpansion:materials/materials2/silver_singularity_layer_0"}, {"type": "single", "resource": "infinityexpansion:materials/materials2/silver_singularity_layer_1"},  {"type": "single", "resource": "infinityexpansion:materials/materials2/infinity_singularity_layer_0"}, {"type": "single", "resource": "infinityexpansion:materials/materials2/infinity_singularity_layer_1"}, {"type": "single", "resource": "infinityexpansion:materials/materials2/netherite_singularity_layer_0"}, {"type": "single", "resource": "infinityexpansion:materials/materials2/netherite_singularity_layer_1"}, {"type": "single", "resource": "infinityexpansion:materials/materials2/lead_singularity_layer_0"}, {"type": "single", "resource": "infinityexpansion:materials/materials2/lead_singularity_layer_1"}, {"type": "single", "resource": "infinityexpansion:materials/materials2/lapis_singularity_layer_0"}, {"type": "single", "resource": "infinityexpansion:materials/materials2/lapis_singularity_layer_1"}, {"type": "single", "resource": "infinityexpansion:materials/materials2/aluminum_singularity_layer_0"}, {"type": "single", "resource": "infinityexpansion:materials/materials2/aluminum_singularity_layer_1"}, {"type": "single", "resource": "infinityexpansion:materials/materials2/quartz_singularity_layer_0"}, {"type": "single", "resource": "infinityexpansion:materials/materials2/quartz_singularity_layer_1"}, {"type": "single", "resource": "infinityexpansion:materials/materials2/diamond_singularity_layer_0"}, {"type": "single", "resource": "infinityexpansion:materials/materials2/diamond_singularity_layer_1"}, {"type": "single", "resource": "infinityexpansion:materials/materials2/redstone_singularity_layer_0"}, {"type": "single", "resource": "infinityexpansion:materials/materials2/redstone_singularity_layer_1"}, {"type": "single", "resource": "infinityexpansion:materials/materials2/zinc_singularity_layer_0"}, {"type": "single", "resource": "infinityexpansion:materials/materials2/zinc_singularity_layer_1"}]}