{"parent":"minecraft:item/generated","overrides":[{"model":"minecraft:item/diamond_leggings_quartz_trim","predicate":{"trim_type":0.1}},{"model":"minecraft:item/diamond_leggings_iron_trim","predicate":{"trim_type":0.2}},{"model":"minecraft:item/diamond_leggings_netherite_trim","predicate":{"trim_type":0.3}},{"model":"minecraft:item/diamond_leggings_redstone_trim","predicate":{"trim_type":0.4}},{"model":"minecraft:item/diamond_leggings_copper_trim","predicate":{"trim_type":0.5}},{"model":"minecraft:item/diamond_leggings_gold_trim","predicate":{"trim_type":0.6}},{"model":"minecraft:item/diamond_leggings_emerald_trim","predicate":{"trim_type":0.7}},{"model":"minecraft:item/diamond_leggings_diamond_darker_trim","predicate":{"trim_type":0.8}},{"model":"minecraft:item/diamond_leggings_lapis_trim","predicate":{"trim_type":0.9}},{"model":"minecraft:item/diamond_leggings_amethyst_trim","predicate":{"trim_type":1.0}},{"predicate":{"custom_model_data":2200281},"model":"slimefun:slimefun/magical_armor/soulbound_armor/leggings"},{"predicate":{"trim_type":0.1,"custom_model_data":2200281},"model":"slimefun:slimefun/magical_armor/soulbound_armor/leggings"},{"predicate":{"trim_type":0.2,"custom_model_data":2200281},"model":"slimefun:slimefun/magical_armor/soulbound_armor/leggings"},{"predicate":{"trim_type":0.3,"custom_model_data":2200281},"model":"slimefun:slimefun/magical_armor/soulbound_armor/leggings"},{"predicate":{"trim_type":0.4,"custom_model_data":2200281},"model":"slimefun:slimefun/magical_armor/soulbound_armor/leggings"},{"predicate":{"trim_type":0.5,"custom_model_data":2200281},"model":"slimefun:slimefun/magical_armor/soulbound_armor/leggings"},{"predicate":{"trim_type":0.6,"custom_model_data":2200281},"model":"slimefun:slimefun/magical_armor/soulbound_armor/leggings"},{"predicate":{"trim_type":0.7,"custom_model_data":2200281},"model":"slimefun:slimefun/magical_armor/soulbound_armor/leggings"},{"predicate":{"trim_type":0.8,"custom_model_data":2200281},"model":"slimefun:slimefun/magical_armor/soulbound_armor/leggings"},{"predicate":{"trim_type":0.9,"custom_model_data":2200281},"model":"slimefun:slimefun/magical_armor/soulbound_armor/leggings"},{"predicate":{"trim_type":1.0,"custom_model_data":2200281},"model":"slimefun:slimefun/magical_armor/soulbound_armor/leggings"},{"predicate":{"custom_model_data":2200282},"model":"item/diamond_leggings"}],"textures":{"layer0":"minecraft:item/diamond_leggings"}}