{"parent":"minecraft:block/dispenser","overrides":[{"predicate":{"custom_model_data":2200026},"model":"slimefun:slimefun/basic_machines/grind_stone"},{"predicate":{"custom_model_data":2200028},"model":"slimefun:slimefun/basic_machines/ore_crusher"},{"predicate":{"custom_model_data":2200309},"model":"slimefun:slimefun/basic_machines/block_placer"},{"predicate":{"custom_model_data":2200337},"model":"slimefun:slimefun/magical_items/ancient_pedestal"},{"predicate":{"custom_model_data":2200394},"model":"slimefun:slimefun/androids/android_interface_items"},{"predicate":{"custom_model_data":2200395},"model":"slimefun:slimefun/androids/android_interface_fuel"},{"predicate":{"custom_model_data":2200396},"model":"item/dispenser"}]}