{"parent":"minecraft:item/generated","textures":{"layer0":"minecraft:item/gold_nugget"},"overrides":[{"predicate":{"custom_model_data":2200030},"model":"slimefun:slimefun/magical_items/magic_lump_1"},{"predicate":{"custom_model_data":2200031},"model":"slimefun:slimefun/magical_items/magic_lump_2"},{"predicate":{"custom_model_data":2200032},"model":"slimefun:slimefun/magical_items/magic_lump_3"},{"predicate":{"custom_model_data":2200033},"model":"slimefun:slimefun/magical_items/ender_lump_1"},{"predicate":{"custom_model_data":2200034},"model":"slimefun:slimefun/magical_items/ender_lump_2"},{"predicate":{"custom_model_data":2200035},"model":"slimefun:slimefun/magical_items/ender_lump_3"},{"predicate":{"custom_model_data":2201410},"model":"bump:magical_items/old_coin"},{"predicate":{"custom_model_data":2201411},"model":"item/gold_nugget"}]}