{"parent":"minecraft:item/generated","textures":{"layer0":"minecraft:item/iron_ingot"},"overrides":[{"predicate":{"custom_model_data":2200077},"model":"slimefun:slimefun/resources/ingots/reinforced_alloy_ingot"},{"predicate":{"custom_model_data":2200078},"model":"slimefun:slimefun/resources/ingots/hardened_metal_ingot"},{"predicate":{"custom_model_data":2200079},"model":"slimefun:slimefun/resources/ingots/damascus_steel_ingot"},{"predicate":{"custom_model_data":2200080},"model":"slimefun:slimefun/resources/ingots/steel_ingot"},{"predicate":{"custom_model_data":2200082},"model":"slimefun:slimefun/resources/ingots/duralumin_ingot"},{"predicate":{"custom_model_data":2200083},"model":"slimefun:slimefun/resources/ingots/billon_ingot"},{"predicate":{"custom_model_data":2200088},"model":"slimefun:slimefun/resources/ingots/solder_ingot"},{"predicate":{"custom_model_data":2200092},"model":"slimefun:slimefun/resources/ingots/nickel_ingot"},{"predicate":{"custom_model_data":2200093},"model":"slimefun:slimefun/resources/ingots/cobalt_ingot"},{"predicate":{"custom_model_data":2200095},"model":"slimefun:slimefun/resources/ingots/ferrosilicon"},{"predicate":{"custom_model_data":2200106},"model":"slimefun:slimefun/resources/ingots/tin_ingot"},{"predicate":{"custom_model_data":2200107},"model":"slimefun:slimefun/resources/ingots/silver_ingot"},{"predicate":{"custom_model_data":2200108},"model":"slimefun:slimefun/resources/ingots/lead_ingot"},{"predicate":{"custom_model_data":2200109},"model":"slimefun:slimefun/resources/ingots/aluminum_ingot"},{"predicate":{"custom_model_data":2200110},"model":"slimefun:slimefun/resources/ingots/zinc_ingot"},{"predicate":{"custom_model_data":2200111},"model":"slimefun:slimefun/resources/ingots/magnesium_ingot"},{"predicate":{"custom_model_data":2200606},"model":"infinityexpansion:materials/infinite_ingot"},{"predicate":{"custom_model_data":2200615},"model":"infinityexpansion:materials/mythril"},{"predicate":{"custom_model_data":2200616},"model":"infinityexpansion:materials/titanium"},{"predicate":{"custom_model_data":2200817},"model":"litexpansion:materials/mag_thor"},{"predicate":{"custom_model_data":2200818},"model":"litexpansion:materials/mixed_metal_ingot"},{"predicate":{"custom_model_data":2200821},"model":"litexpansion:materials/refined_iron"},{"predicate":{"custom_model_data":2202003},"model":"slimefunwarfare:resources/slimesteel_ingot"},{"predicate":{"custom_model_data":2202004},"model":"slimefunwarfare:resources/reinforced_slimesteel_ingot"},{"predicate":{"custom_model_data":2202017},"model":"slimefunwarfare:general/osmium_superalloy"},{"predicate":{"custom_model_data":2202062},"model":"slimefunwarfare:resources/osmium_ingot"},{"predicate":{"custom_model_data":2202066},"model":"slimefunwarfare:resources/lanthanum_ingot"},{"predicate":{"custom_model_data":2202068},"model":"slimefunwarfare:resources/gadolinium_ingot"},{"predicate":{"custom_model_data":2202069},"model":"slimefunwarfare:resources/terbium_ingot"},{"predicate":{"custom_model_data":2202072},"model":"slimefunwarfare:resources/erbium_ingot"},{"predicate":{"custom_model_data":2202073},"model":"slimefunwarfare:resources/ytterbium_ingot"},{"predicate":{"custom_model_data":2202074},"model":"slimefunwarfare:general/terfenol_d"},{"predicate":{"custom_model_data":2202075},"model":"item/iron_ingot"}]}