{"parent":"minecraft:item/generated","overrides":[{"model":"minecraft:item/iron_chestplate_quartz_trim","predicate":{"trim_type":0.1}},{"model":"minecraft:item/iron_chestplate_iron_darker_trim","predicate":{"trim_type":0.2}},{"model":"minecraft:item/iron_chestplate_netherite_trim","predicate":{"trim_type":0.3}},{"model":"minecraft:item/iron_chestplate_redstone_trim","predicate":{"trim_type":0.4}},{"model":"minecraft:item/iron_chestplate_copper_trim","predicate":{"trim_type":0.5}},{"model":"minecraft:item/iron_chestplate_gold_trim","predicate":{"trim_type":0.6}},{"model":"minecraft:item/iron_chestplate_emerald_trim","predicate":{"trim_type":0.7}},{"model":"minecraft:item/iron_chestplate_diamond_trim","predicate":{"trim_type":0.8}},{"model":"minecraft:item/iron_chestplate_lapis_trim","predicate":{"trim_type":0.9}},{"model":"minecraft:item/iron_chestplate_amethyst_trim","predicate":{"trim_type":1.0}},{"predicate":{"custom_model_data":2200066},"model":"slimefun:slimefun/armor/damascus_armor/chestplate"},{"predicate":{"trim_type":0.1,"custom_model_data":2200066},"model":"slimefun:slimefun/armor/damascus_armor/chestplate"},{"predicate":{"trim_type":0.2,"custom_model_data":2200066},"model":"slimefun:slimefun/armor/damascus_armor/chestplate"},{"predicate":{"trim_type":0.3,"custom_model_data":2200066},"model":"slimefun:slimefun/armor/damascus_armor/chestplate"},{"predicate":{"trim_type":0.4,"custom_model_data":2200066},"model":"slimefun:slimefun/armor/damascus_armor/chestplate"},{"predicate":{"trim_type":0.5,"custom_model_data":2200066},"model":"slimefun:slimefun/armor/damascus_armor/chestplate"},{"predicate":{"trim_type":0.6,"custom_model_data":2200066},"model":"slimefun:slimefun/armor/damascus_armor/chestplate"},{"predicate":{"trim_type":0.7,"custom_model_data":2200066},"model":"slimefun:slimefun/armor/damascus_armor/chestplate"},{"predicate":{"trim_type":0.8,"custom_model_data":2200066},"model":"slimefun:slimefun/armor/damascus_armor/chestplate"},{"predicate":{"trim_type":0.9,"custom_model_data":2200066},"model":"slimefun:slimefun/armor/damascus_armor/chestplate"},{"predicate":{"trim_type":1.0,"custom_model_data":2200066},"model":"slimefun:slimefun/armor/damascus_armor/chestplate"},{"predicate":{"custom_model_data":2200070},"model":"slimefun:slimefun/armor/reinforced_armor/chestplate"},{"predicate":{"trim_type":0.1,"custom_model_data":2200070},"model":"slimefun:slimefun/armor/reinforced_armor/chestplate"},{"predicate":{"trim_type":0.2,"custom_model_data":2200070},"model":"slimefun:slimefun/armor/reinforced_armor/chestplate"},{"predicate":{"trim_type":0.3,"custom_model_data":2200070},"model":"slimefun:slimefun/armor/reinforced_armor/chestplate"},{"predicate":{"trim_type":0.4,"custom_model_data":2200070},"model":"slimefun:slimefun/armor/reinforced_armor/chestplate"},{"predicate":{"trim_type":0.5,"custom_model_data":2200070},"model":"slimefun:slimefun/armor/reinforced_armor/chestplate"},{"predicate":{"trim_type":0.6,"custom_model_data":2200070},"model":"slimefun:slimefun/armor/reinforced_armor/chestplate"},{"predicate":{"trim_type":0.7,"custom_model_data":2200070},"model":"slimefun:slimefun/armor/reinforced_armor/chestplate"},{"predicate":{"trim_type":0.8,"custom_model_data":2200070},"model":"slimefun:slimefun/armor/reinforced_armor/chestplate"},{"predicate":{"trim_type":0.9,"custom_model_data":2200070},"model":"slimefun:slimefun/armor/reinforced_armor/chestplate"},{"predicate":{"trim_type":1.0,"custom_model_data":2200070},"model":"slimefun:slimefun/armor/reinforced_armor/chestplate"},{"predicate":{"custom_model_data":2200234},"model":"slimefun:slimefun/magical_armor/slime_armor_steel/chestplate"},{"predicate":{"trim_type":0.1,"custom_model_data":2200234},"model":"slimefun:slimefun/magical_armor/slime_armor_steel/chestplate"},{"predicate":{"trim_type":0.2,"custom_model_data":2200234},"model":"slimefun:slimefun/magical_armor/slime_armor_steel/chestplate"},{"predicate":{"trim_type":0.3,"custom_model_data":2200234},"model":"slimefun:slimefun/magical_armor/slime_armor_steel/chestplate"},{"predicate":{"trim_type":0.4,"custom_model_data":2200234},"model":"slimefun:slimefun/magical_armor/slime_armor_steel/chestplate"},{"predicate":{"trim_type":0.5,"custom_model_data":2200234},"model":"slimefun:slimefun/magical_armor/slime_armor_steel/chestplate"},{"predicate":{"trim_type":0.6,"custom_model_data":2200234},"model":"slimefun:slimefun/magical_armor/slime_armor_steel/chestplate"},{"predicate":{"trim_type":0.7,"custom_model_data":2200234},"model":"slimefun:slimefun/magical_armor/slime_armor_steel/chestplate"},{"predicate":{"trim_type":0.8,"custom_model_data":2200234},"model":"slimefun:slimefun/magical_armor/slime_armor_steel/chestplate"},{"predicate":{"trim_type":0.9,"custom_model_data":2200234},"model":"slimefun:slimefun/magical_armor/slime_armor_steel/chestplate"},{"predicate":{"trim_type":1.0,"custom_model_data":2200234},"model":"slimefun:slimefun/magical_armor/slime_armor_steel/chestplate"},{"predicate":{"custom_model_data":2201202},"model":"extra_gear:armor/aluminum/aluminum_chestplate"},{"predicate":{"trim_type":0.1,"custom_model_data":2201202},"model":"extra_gear:armor/aluminum/aluminum_chestplate"},{"predicate":{"trim_type":0.2,"custom_model_data":2201202},"model":"extra_gear:armor/aluminum/aluminum_chestplate"},{"predicate":{"trim_type":0.3,"custom_model_data":2201202},"model":"extra_gear:armor/aluminum/aluminum_chestplate"},{"predicate":{"trim_type":0.4,"custom_model_data":2201202},"model":"extra_gear:armor/aluminum/aluminum_chestplate"},{"predicate":{"trim_type":0.5,"custom_model_data":2201202},"model":"extra_gear:armor/aluminum/aluminum_chestplate"},{"predicate":{"trim_type":0.6,"custom_model_data":2201202},"model":"extra_gear:armor/aluminum/aluminum_chestplate"},{"predicate":{"trim_type":0.7,"custom_model_data":2201202},"model":"extra_gear:armor/aluminum/aluminum_chestplate"},{"predicate":{"trim_type":0.8,"custom_model_data":2201202},"model":"extra_gear:armor/aluminum/aluminum_chestplate"},{"predicate":{"trim_type":0.9,"custom_model_data":2201202},"model":"extra_gear:armor/aluminum/aluminum_chestplate"},{"predicate":{"trim_type":1.0,"custom_model_data":2201202},"model":"extra_gear:armor/aluminum/aluminum_chestplate"},{"predicate":{"custom_model_data":2201206},"model":"extra_gear:armor/cobalt/cobalt_chestplate"},{"predicate":{"trim_type":0.1,"custom_model_data":2201206},"model":"extra_gear:armor/cobalt/cobalt_chestplate"},{"predicate":{"trim_type":0.2,"custom_model_data":2201206},"model":"extra_gear:armor/cobalt/cobalt_chestplate"},{"predicate":{"trim_type":0.3,"custom_model_data":2201206},"model":"extra_gear:armor/cobalt/cobalt_chestplate"},{"predicate":{"trim_type":0.4,"custom_model_data":2201206},"model":"extra_gear:armor/cobalt/cobalt_chestplate"},{"predicate":{"trim_type":0.5,"custom_model_data":2201206},"model":"extra_gear:armor/cobalt/cobalt_chestplate"},{"predicate":{"trim_type":0.6,"custom_model_data":2201206},"model":"extra_gear:armor/cobalt/cobalt_chestplate"},{"predicate":{"trim_type":0.7,"custom_model_data":2201206},"model":"extra_gear:armor/cobalt/cobalt_chestplate"},{"predicate":{"trim_type":0.8,"custom_model_data":2201206},"model":"extra_gear:armor/cobalt/cobalt_chestplate"},{"predicate":{"trim_type":0.9,"custom_model_data":2201206},"model":"extra_gear:armor/cobalt/cobalt_chestplate"},{"predicate":{"trim_type":1.0,"custom_model_data":2201206},"model":"extra_gear:armor/cobalt/cobalt_chestplate"},{"predicate":{"custom_model_data":2201214},"model":"extra_gear:armor/lead/lead_chestplate"},{"predicate":{"trim_type":0.1,"custom_model_data":2201214},"model":"extra_gear:armor/lead/lead_chestplate"},{"predicate":{"trim_type":0.2,"custom_model_data":2201214},"model":"extra_gear:armor/lead/lead_chestplate"},{"predicate":{"trim_type":0.3,"custom_model_data":2201214},"model":"extra_gear:armor/lead/lead_chestplate"},{"predicate":{"trim_type":0.4,"custom_model_data":2201214},"model":"extra_gear:armor/lead/lead_chestplate"},{"predicate":{"trim_type":0.5,"custom_model_data":2201214},"model":"extra_gear:armor/lead/lead_chestplate"},{"predicate":{"trim_type":0.6,"custom_model_data":2201214},"model":"extra_gear:armor/lead/lead_chestplate"},{"predicate":{"trim_type":0.7,"custom_model_data":2201214},"model":"extra_gear:armor/lead/lead_chestplate"},{"predicate":{"trim_type":0.8,"custom_model_data":2201214},"model":"extra_gear:armor/lead/lead_chestplate"},{"predicate":{"trim_type":0.9,"custom_model_data":2201214},"model":"extra_gear:armor/lead/lead_chestplate"},{"predicate":{"trim_type":1.0,"custom_model_data":2201214},"model":"extra_gear:armor/lead/lead_chestplate"},{"predicate":{"custom_model_data":2201218},"model":"extra_gear:armor/magnesium/magnesium_chestplate"},{"predicate":{"trim_type":0.1,"custom_model_data":2201218},"model":"extra_gear:armor/magnesium/magnesium_chestplate"},{"predicate":{"trim_type":0.2,"custom_model_data":2201218},"model":"extra_gear:armor/magnesium/magnesium_chestplate"},{"predicate":{"trim_type":0.3,"custom_model_data":2201218},"model":"extra_gear:armor/magnesium/magnesium_chestplate"},{"predicate":{"trim_type":0.4,"custom_model_data":2201218},"model":"extra_gear:armor/magnesium/magnesium_chestplate"},{"predicate":{"trim_type":0.5,"custom_model_data":2201218},"model":"extra_gear:armor/magnesium/magnesium_chestplate"},{"predicate":{"trim_type":0.6,"custom_model_data":2201218},"model":"extra_gear:armor/magnesium/magnesium_chestplate"},{"predicate":{"trim_type":0.7,"custom_model_data":2201218},"model":"extra_gear:armor/magnesium/magnesium_chestplate"},{"predicate":{"trim_type":0.8,"custom_model_data":2201218},"model":"extra_gear:armor/magnesium/magnesium_chestplate"},{"predicate":{"trim_type":0.9,"custom_model_data":2201218},"model":"extra_gear:armor/magnesium/magnesium_chestplate"},{"predicate":{"trim_type":1.0,"custom_model_data":2201218},"model":"extra_gear:armor/magnesium/magnesium_chestplate"},{"predicate":{"custom_model_data":2201222},"model":"extra_gear:armor/silver/silver_chestplate"},{"predicate":{"trim_type":0.1,"custom_model_data":2201222},"model":"extra_gear:armor/silver/silver_chestplate"},{"predicate":{"trim_type":0.2,"custom_model_data":2201222},"model":"extra_gear:armor/silver/silver_chestplate"},{"predicate":{"trim_type":0.3,"custom_model_data":2201222},"model":"extra_gear:armor/silver/silver_chestplate"},{"predicate":{"trim_type":0.4,"custom_model_data":2201222},"model":"extra_gear:armor/silver/silver_chestplate"},{"predicate":{"trim_type":0.5,"custom_model_data":2201222},"model":"extra_gear:armor/silver/silver_chestplate"},{"predicate":{"trim_type":0.6,"custom_model_data":2201222},"model":"extra_gear:armor/silver/silver_chestplate"},{"predicate":{"trim_type":0.7,"custom_model_data":2201222},"model":"extra_gear:armor/silver/silver_chestplate"},{"predicate":{"trim_type":0.8,"custom_model_data":2201222},"model":"extra_gear:armor/silver/silver_chestplate"},{"predicate":{"trim_type":0.9,"custom_model_data":2201222},"model":"extra_gear:armor/silver/silver_chestplate"},{"predicate":{"trim_type":1.0,"custom_model_data":2201222},"model":"extra_gear:armor/silver/silver_chestplate"},{"predicate":{"custom_model_data":2201226},"model":"extra_gear:armor/steel/steel_chestplate"},{"predicate":{"trim_type":0.1,"custom_model_data":2201226},"model":"extra_gear:armor/steel/steel_chestplate"},{"predicate":{"trim_type":0.2,"custom_model_data":2201226},"model":"extra_gear:armor/steel/steel_chestplate"},{"predicate":{"trim_type":0.3,"custom_model_data":2201226},"model":"extra_gear:armor/steel/steel_chestplate"},{"predicate":{"trim_type":0.4,"custom_model_data":2201226},"model":"extra_gear:armor/steel/steel_chestplate"},{"predicate":{"trim_type":0.5,"custom_model_data":2201226},"model":"extra_gear:armor/steel/steel_chestplate"},{"predicate":{"trim_type":0.6,"custom_model_data":2201226},"model":"extra_gear:armor/steel/steel_chestplate"},{"predicate":{"trim_type":0.7,"custom_model_data":2201226},"model":"extra_gear:armor/steel/steel_chestplate"},{"predicate":{"trim_type":0.8,"custom_model_data":2201226},"model":"extra_gear:armor/steel/steel_chestplate"},{"predicate":{"trim_type":0.9,"custom_model_data":2201226},"model":"extra_gear:armor/steel/steel_chestplate"},{"predicate":{"trim_type":1.0,"custom_model_data":2201226},"model":"extra_gear:armor/steel/steel_chestplate"},{"predicate":{"custom_model_data":2201230},"model":"extra_gear:armor/tin/tin_chestplate"},{"predicate":{"trim_type":0.1,"custom_model_data":2201230},"model":"extra_gear:armor/tin/tin_chestplate"},{"predicate":{"trim_type":0.2,"custom_model_data":2201230},"model":"extra_gear:armor/tin/tin_chestplate"},{"predicate":{"trim_type":0.3,"custom_model_data":2201230},"model":"extra_gear:armor/tin/tin_chestplate"},{"predicate":{"trim_type":0.4,"custom_model_data":2201230},"model":"extra_gear:armor/tin/tin_chestplate"},{"predicate":{"trim_type":0.5,"custom_model_data":2201230},"model":"extra_gear:armor/tin/tin_chestplate"},{"predicate":{"trim_type":0.6,"custom_model_data":2201230},"model":"extra_gear:armor/tin/tin_chestplate"},{"predicate":{"trim_type":0.7,"custom_model_data":2201230},"model":"extra_gear:armor/tin/tin_chestplate"},{"predicate":{"trim_type":0.8,"custom_model_data":2201230},"model":"extra_gear:armor/tin/tin_chestplate"},{"predicate":{"trim_type":0.9,"custom_model_data":2201230},"model":"extra_gear:armor/tin/tin_chestplate"},{"predicate":{"trim_type":1.0,"custom_model_data":2201230},"model":"extra_gear:armor/tin/tin_chestplate"},{"predicate":{"custom_model_data":2201234},"model":"extra_gear:armor/zinc/zinc_chestplate"},{"predicate":{"trim_type":0.1,"custom_model_data":2201234},"model":"extra_gear:armor/zinc/zinc_chestplate"},{"predicate":{"trim_type":0.2,"custom_model_data":2201234},"model":"extra_gear:armor/zinc/zinc_chestplate"},{"predicate":{"trim_type":0.3,"custom_model_data":2201234},"model":"extra_gear:armor/zinc/zinc_chestplate"},{"predicate":{"trim_type":0.4,"custom_model_data":2201234},"model":"extra_gear:armor/zinc/zinc_chestplate"},{"predicate":{"trim_type":0.5,"custom_model_data":2201234},"model":"extra_gear:armor/zinc/zinc_chestplate"},{"predicate":{"trim_type":0.6,"custom_model_data":2201234},"model":"extra_gear:armor/zinc/zinc_chestplate"},{"predicate":{"trim_type":0.7,"custom_model_data":2201234},"model":"extra_gear:armor/zinc/zinc_chestplate"},{"predicate":{"trim_type":0.8,"custom_model_data":2201234},"model":"extra_gear:armor/zinc/zinc_chestplate"},{"predicate":{"trim_type":0.9,"custom_model_data":2201234},"model":"extra_gear:armor/zinc/zinc_chestplate"},{"predicate":{"trim_type":1.0,"custom_model_data":2201234},"model":"extra_gear:armor/zinc/zinc_chestplate"},{"predicate":{"custom_model_data":2201235},"model":"item/iron_chestplate"}],"textures":{"layer0":"minecraft:item/iron_chestplate"}}