{"parent":"minecraft:item/generated","overrides":[{"model":"minecraft:item/leather_chestplate_quartz_trim","predicate":{"trim_type":0.1}},{"model":"minecraft:item/leather_chestplate_iron_trim","predicate":{"trim_type":0.2}},{"model":"minecraft:item/leather_chestplate_netherite_trim","predicate":{"trim_type":0.3}},{"model":"minecraft:item/leather_chestplate_redstone_trim","predicate":{"trim_type":0.4}},{"model":"minecraft:item/leather_chestplate_copper_trim","predicate":{"trim_type":0.5}},{"model":"minecraft:item/leather_chestplate_gold_trim","predicate":{"trim_type":0.6}},{"model":"minecraft:item/leather_chestplate_emerald_trim","predicate":{"trim_type":0.7}},{"model":"minecraft:item/leather_chestplate_diamond_trim","predicate":{"trim_type":0.8}},{"model":"minecraft:item/leather_chestplate_lapis_trim","predicate":{"trim_type":0.9}},{"model":"minecraft:item/leather_chestplate_amethyst_trim","predicate":{"trim_type":1.0}},{"predicate":{"custom_model_data":2200038},"model":"slimefun:slimefun/magical_armor/ender_amor/chestplate"},{"predicate":{"trim_type":0.1,"custom_model_data":2200038},"model":"slimefun:slimefun/magical_armor/ender_amor/chestplate"},{"predicate":{"trim_type":0.2,"custom_model_data":2200038},"model":"slimefun:slimefun/magical_armor/ender_amor/chestplate"},{"predicate":{"trim_type":0.3,"custom_model_data":2200038},"model":"slimefun:slimefun/magical_armor/ender_amor/chestplate"},{"predicate":{"trim_type":0.4,"custom_model_data":2200038},"model":"slimefun:slimefun/magical_armor/ender_amor/chestplate"},{"predicate":{"trim_type":0.5,"custom_model_data":2200038},"model":"slimefun:slimefun/magical_armor/ender_amor/chestplate"},{"predicate":{"trim_type":0.6,"custom_model_data":2200038},"model":"slimefun:slimefun/magical_armor/ender_amor/chestplate"},{"predicate":{"trim_type":0.7,"custom_model_data":2200038},"model":"slimefun:slimefun/magical_armor/ender_amor/chestplate"},{"predicate":{"trim_type":0.8,"custom_model_data":2200038},"model":"slimefun:slimefun/magical_armor/ender_amor/chestplate"},{"predicate":{"trim_type":0.9,"custom_model_data":2200038},"model":"slimefun:slimefun/magical_armor/ender_amor/chestplate"},{"predicate":{"trim_type":1.0,"custom_model_data":2200038},"model":"slimefun:slimefun/magical_armor/ender_amor/chestplate"},{"predicate":{"custom_model_data":2200045},"model":"slimefun:slimefun/magical_armor/slime_armor/chestplate"},{"predicate":{"trim_type":0.1,"custom_model_data":2200045},"model":"slimefun:slimefun/magical_armor/slime_armor/chestplate"},{"predicate":{"trim_type":0.2,"custom_model_data":2200045},"model":"slimefun:slimefun/magical_armor/slime_armor/chestplate"},{"predicate":{"trim_type":0.3,"custom_model_data":2200045},"model":"slimefun:slimefun/magical_armor/slime_armor/chestplate"},{"predicate":{"trim_type":0.4,"custom_model_data":2200045},"model":"slimefun:slimefun/magical_armor/slime_armor/chestplate"},{"predicate":{"trim_type":0.5,"custom_model_data":2200045},"model":"slimefun:slimefun/magical_armor/slime_armor/chestplate"},{"predicate":{"trim_type":0.6,"custom_model_data":2200045},"model":"slimefun:slimefun/magical_armor/slime_armor/chestplate"},{"predicate":{"trim_type":0.7,"custom_model_data":2200045},"model":"slimefun:slimefun/magical_armor/slime_armor/chestplate"},{"predicate":{"trim_type":0.8,"custom_model_data":2200045},"model":"slimefun:slimefun/magical_armor/slime_armor/chestplate"},{"predicate":{"trim_type":0.9,"custom_model_data":2200045},"model":"slimefun:slimefun/magical_armor/slime_armor/chestplate"},{"predicate":{"trim_type":1.0,"custom_model_data":2200045},"model":"slimefun:slimefun/magical_armor/slime_armor/chestplate"},{"predicate":{"custom_model_data":2200062},"model":"slimefun:slimefun/magical_armor/glowstone_armor/chestplate"},{"predicate":{"trim_type":0.1,"custom_model_data":2200062},"model":"slimefun:slimefun/magical_armor/glowstone_armor/chestplate"},{"predicate":{"trim_type":0.2,"custom_model_data":2200062},"model":"slimefun:slimefun/magical_armor/glowstone_armor/chestplate"},{"predicate":{"trim_type":0.3,"custom_model_data":2200062},"model":"slimefun:slimefun/magical_armor/glowstone_armor/chestplate"},{"predicate":{"trim_type":0.4,"custom_model_data":2200062},"model":"slimefun:slimefun/magical_armor/glowstone_armor/chestplate"},{"predicate":{"trim_type":0.5,"custom_model_data":2200062},"model":"slimefun:slimefun/magical_armor/glowstone_armor/chestplate"},{"predicate":{"trim_type":0.6,"custom_model_data":2200062},"model":"slimefun:slimefun/magical_armor/glowstone_armor/chestplate"},{"predicate":{"trim_type":0.7,"custom_model_data":2200062},"model":"slimefun:slimefun/magical_armor/glowstone_armor/chestplate"},{"predicate":{"trim_type":0.8,"custom_model_data":2200062},"model":"slimefun:slimefun/magical_armor/glowstone_armor/chestplate"},{"predicate":{"trim_type":0.9,"custom_model_data":2200062},"model":"slimefun:slimefun/magical_armor/glowstone_armor/chestplate"},{"predicate":{"trim_type":1.0,"custom_model_data":2200062},"model":"slimefun:slimefun/magical_armor/glowstone_armor/chestplate"},{"predicate":{"custom_model_data":2200074},"model":"slimefun:slimefun/armor/cactus_armor/chestplate"},{"predicate":{"trim_type":0.1,"custom_model_data":2200074},"model":"slimefun:slimefun/armor/cactus_armor/chestplate"},{"predicate":{"trim_type":0.2,"custom_model_data":2200074},"model":"slimefun:slimefun/armor/cactus_armor/chestplate"},{"predicate":{"trim_type":0.3,"custom_model_data":2200074},"model":"slimefun:slimefun/armor/cactus_armor/chestplate"},{"predicate":{"trim_type":0.4,"custom_model_data":2200074},"model":"slimefun:slimefun/armor/cactus_armor/chestplate"},{"predicate":{"trim_type":0.5,"custom_model_data":2200074},"model":"slimefun:slimefun/armor/cactus_armor/chestplate"},{"predicate":{"trim_type":0.6,"custom_model_data":2200074},"model":"slimefun:slimefun/armor/cactus_armor/chestplate"},{"predicate":{"trim_type":0.7,"custom_model_data":2200074},"model":"slimefun:slimefun/armor/cactus_armor/chestplate"},{"predicate":{"trim_type":0.8,"custom_model_data":2200074},"model":"slimefun:slimefun/armor/cactus_armor/chestplate"},{"predicate":{"trim_type":0.9,"custom_model_data":2200074},"model":"slimefun:slimefun/armor/cactus_armor/chestplate"},{"predicate":{"trim_type":1.0,"custom_model_data":2200074},"model":"slimefun:slimefun/armor/cactus_armor/chestplate"},{"predicate":{"custom_model_data":2200120},"model":"slimefun:slimefun/technical_gadgets/duralumin_jetpack"},{"predicate":{"trim_type":0.1,"custom_model_data":2200120},"model":"slimefun:slimefun/technical_gadgets/duralumin_jetpack"},{"predicate":{"trim_type":0.2,"custom_model_data":2200120},"model":"slimefun:slimefun/technical_gadgets/duralumin_jetpack"},{"predicate":{"trim_type":0.3,"custom_model_data":2200120},"model":"slimefun:slimefun/technical_gadgets/duralumin_jetpack"},{"predicate":{"trim_type":0.4,"custom_model_data":2200120},"model":"slimefun:slimefun/technical_gadgets/duralumin_jetpack"},{"predicate":{"trim_type":0.5,"custom_model_data":2200120},"model":"slimefun:slimefun/technical_gadgets/duralumin_jetpack"},{"predicate":{"trim_type":0.6,"custom_model_data":2200120},"model":"slimefun:slimefun/technical_gadgets/duralumin_jetpack"},{"predicate":{"trim_type":0.7,"custom_model_data":2200120},"model":"slimefun:slimefun/technical_gadgets/duralumin_jetpack"},{"predicate":{"trim_type":0.8,"custom_model_data":2200120},"model":"slimefun:slimefun/technical_gadgets/duralumin_jetpack"},{"predicate":{"trim_type":0.9,"custom_model_data":2200120},"model":"slimefun:slimefun/technical_gadgets/duralumin_jetpack"},{"predicate":{"trim_type":1.0,"custom_model_data":2200120},"model":"slimefun:slimefun/technical_gadgets/duralumin_jetpack"},{"predicate":{"custom_model_data":2200121},"model":"slimefun:slimefun/technical_gadgets/solder_jetpack"},{"predicate":{"trim_type":0.1,"custom_model_data":2200121},"model":"slimefun:slimefun/technical_gadgets/solder_jetpack"},{"predicate":{"trim_type":0.2,"custom_model_data":2200121},"model":"slimefun:slimefun/technical_gadgets/solder_jetpack"},{"predicate":{"trim_type":0.3,"custom_model_data":2200121},"model":"slimefun:slimefun/technical_gadgets/solder_jetpack"},{"predicate":{"trim_type":0.4,"custom_model_data":2200121},"model":"slimefun:slimefun/technical_gadgets/solder_jetpack"},{"predicate":{"trim_type":0.5,"custom_model_data":2200121},"model":"slimefun:slimefun/technical_gadgets/solder_jetpack"},{"predicate":{"trim_type":0.6,"custom_model_data":2200121},"model":"slimefun:slimefun/technical_gadgets/solder_jetpack"},{"predicate":{"trim_type":0.7,"custom_model_data":2200121},"model":"slimefun:slimefun/technical_gadgets/solder_jetpack"},{"predicate":{"trim_type":0.8,"custom_model_data":2200121},"model":"slimefun:slimefun/technical_gadgets/solder_jetpack"},{"predicate":{"trim_type":0.9,"custom_model_data":2200121},"model":"slimefun:slimefun/technical_gadgets/solder_jetpack"},{"predicate":{"trim_type":1.0,"custom_model_data":2200121},"model":"slimefun:slimefun/technical_gadgets/solder_jetpack"},{"predicate":{"custom_model_data":2200122},"model":"slimefun:slimefun/technical_gadgets/billon_jetpack"},{"predicate":{"trim_type":0.1,"custom_model_data":2200122},"model":"slimefun:slimefun/technical_gadgets/billon_jetpack"},{"predicate":{"trim_type":0.2,"custom_model_data":2200122},"model":"slimefun:slimefun/technical_gadgets/billon_jetpack"},{"predicate":{"trim_type":0.3,"custom_model_data":2200122},"model":"slimefun:slimefun/technical_gadgets/billon_jetpack"},{"predicate":{"trim_type":0.4,"custom_model_data":2200122},"model":"slimefun:slimefun/technical_gadgets/billon_jetpack"},{"predicate":{"trim_type":0.5,"custom_model_data":2200122},"model":"slimefun:slimefun/technical_gadgets/billon_jetpack"},{"predicate":{"trim_type":0.6,"custom_model_data":2200122},"model":"slimefun:slimefun/technical_gadgets/billon_jetpack"},{"predicate":{"trim_type":0.7,"custom_model_data":2200122},"model":"slimefun:slimefun/technical_gadgets/billon_jetpack"},{"predicate":{"trim_type":0.8,"custom_model_data":2200122},"model":"slimefun:slimefun/technical_gadgets/billon_jetpack"},{"predicate":{"trim_type":0.9,"custom_model_data":2200122},"model":"slimefun:slimefun/technical_gadgets/billon_jetpack"},{"predicate":{"trim_type":1.0,"custom_model_data":2200122},"model":"slimefun:slimefun/technical_gadgets/billon_jetpack"},{"predicate":{"custom_model_data":2200123},"model":"slimefun:slimefun/technical_gadgets/steel_jetpack"},{"predicate":{"trim_type":0.1,"custom_model_data":2200123},"model":"slimefun:slimefun/technical_gadgets/steel_jetpack"},{"predicate":{"trim_type":0.2,"custom_model_data":2200123},"model":"slimefun:slimefun/technical_gadgets/steel_jetpack"},{"predicate":{"trim_type":0.3,"custom_model_data":2200123},"model":"slimefun:slimefun/technical_gadgets/steel_jetpack"},{"predicate":{"trim_type":0.4,"custom_model_data":2200123},"model":"slimefun:slimefun/technical_gadgets/steel_jetpack"},{"predicate":{"trim_type":0.5,"custom_model_data":2200123},"model":"slimefun:slimefun/technical_gadgets/steel_jetpack"},{"predicate":{"trim_type":0.6,"custom_model_data":2200123},"model":"slimefun:slimefun/technical_gadgets/steel_jetpack"},{"predicate":{"trim_type":0.7,"custom_model_data":2200123},"model":"slimefun:slimefun/technical_gadgets/steel_jetpack"},{"predicate":{"trim_type":0.8,"custom_model_data":2200123},"model":"slimefun:slimefun/technical_gadgets/steel_jetpack"},{"predicate":{"trim_type":0.9,"custom_model_data":2200123},"model":"slimefun:slimefun/technical_gadgets/steel_jetpack"},{"predicate":{"trim_type":1.0,"custom_model_data":2200123},"model":"slimefun:slimefun/technical_gadgets/steel_jetpack"},{"predicate":{"custom_model_data":2200124},"model":"slimefun:slimefun/technical_gadgets/damascus_steel_jetpack"},{"predicate":{"trim_type":0.1,"custom_model_data":2200124},"model":"slimefun:slimefun/technical_gadgets/damascus_steel_jetpack"},{"predicate":{"trim_type":0.2,"custom_model_data":2200124},"model":"slimefun:slimefun/technical_gadgets/damascus_steel_jetpack"},{"predicate":{"trim_type":0.3,"custom_model_data":2200124},"model":"slimefun:slimefun/technical_gadgets/damascus_steel_jetpack"},{"predicate":{"trim_type":0.4,"custom_model_data":2200124},"model":"slimefun:slimefun/technical_gadgets/damascus_steel_jetpack"},{"predicate":{"trim_type":0.5,"custom_model_data":2200124},"model":"slimefun:slimefun/technical_gadgets/damascus_steel_jetpack"},{"predicate":{"trim_type":0.6,"custom_model_data":2200124},"model":"slimefun:slimefun/technical_gadgets/damascus_steel_jetpack"},{"predicate":{"trim_type":0.7,"custom_model_data":2200124},"model":"slimefun:slimefun/technical_gadgets/damascus_steel_jetpack"},{"predicate":{"trim_type":0.8,"custom_model_data":2200124},"model":"slimefun:slimefun/technical_gadgets/damascus_steel_jetpack"},{"predicate":{"trim_type":0.9,"custom_model_data":2200124},"model":"slimefun:slimefun/technical_gadgets/damascus_steel_jetpack"},{"predicate":{"trim_type":1.0,"custom_model_data":2200124},"model":"slimefun:slimefun/technical_gadgets/damascus_steel_jetpack"},{"predicate":{"custom_model_data":2200125},"model":"slimefun:slimefun/technical_gadgets/reinforced_alloy_jetpack"},{"predicate":{"trim_type":0.1,"custom_model_data":2200125},"model":"slimefun:slimefun/technical_gadgets/reinforced_alloy_jetpack"},{"predicate":{"trim_type":0.2,"custom_model_data":2200125},"model":"slimefun:slimefun/technical_gadgets/reinforced_alloy_jetpack"},{"predicate":{"trim_type":0.3,"custom_model_data":2200125},"model":"slimefun:slimefun/technical_gadgets/reinforced_alloy_jetpack"},{"predicate":{"trim_type":0.4,"custom_model_data":2200125},"model":"slimefun:slimefun/technical_gadgets/reinforced_alloy_jetpack"},{"predicate":{"trim_type":0.5,"custom_model_data":2200125},"model":"slimefun:slimefun/technical_gadgets/reinforced_alloy_jetpack"},{"predicate":{"trim_type":0.6,"custom_model_data":2200125},"model":"slimefun:slimefun/technical_gadgets/reinforced_alloy_jetpack"},{"predicate":{"trim_type":0.7,"custom_model_data":2200125},"model":"slimefun:slimefun/technical_gadgets/reinforced_alloy_jetpack"},{"predicate":{"trim_type":0.8,"custom_model_data":2200125},"model":"slimefun:slimefun/technical_gadgets/reinforced_alloy_jetpack"},{"predicate":{"trim_type":0.9,"custom_model_data":2200125},"model":"slimefun:slimefun/technical_gadgets/reinforced_alloy_jetpack"},{"predicate":{"trim_type":1.0,"custom_model_data":2200125},"model":"slimefun:slimefun/technical_gadgets/reinforced_alloy_jetpack"},{"predicate":{"custom_model_data":2200126},"model":"slimefun:slimefun/technical_gadgets/carbonado_jetpack"},{"predicate":{"trim_type":0.1,"custom_model_data":2200126},"model":"slimefun:slimefun/technical_gadgets/carbonado_jetpack"},{"predicate":{"trim_type":0.2,"custom_model_data":2200126},"model":"slimefun:slimefun/technical_gadgets/carbonado_jetpack"},{"predicate":{"trim_type":0.3,"custom_model_data":2200126},"model":"slimefun:slimefun/technical_gadgets/carbonado_jetpack"},{"predicate":{"trim_type":0.4,"custom_model_data":2200126},"model":"slimefun:slimefun/technical_gadgets/carbonado_jetpack"},{"predicate":{"trim_type":0.5,"custom_model_data":2200126},"model":"slimefun:slimefun/technical_gadgets/carbonado_jetpack"},{"predicate":{"trim_type":0.6,"custom_model_data":2200126},"model":"slimefun:slimefun/technical_gadgets/carbonado_jetpack"},{"predicate":{"trim_type":0.7,"custom_model_data":2200126},"model":"slimefun:slimefun/technical_gadgets/carbonado_jetpack"},{"predicate":{"trim_type":0.8,"custom_model_data":2200126},"model":"slimefun:slimefun/technical_gadgets/carbonado_jetpack"},{"predicate":{"trim_type":0.9,"custom_model_data":2200126},"model":"slimefun:slimefun/technical_gadgets/carbonado_jetpack"},{"predicate":{"trim_type":1.0,"custom_model_data":2200126},"model":"slimefun:slimefun/technical_gadgets/carbonado_jetpack"},{"predicate":{"custom_model_data":2200127},"model":"slimefun:slimefun/technical_gadgets/parachute"},{"predicate":{"trim_type":0.1,"custom_model_data":2200127},"model":"slimefun:slimefun/technical_gadgets/parachute"},{"predicate":{"trim_type":0.2,"custom_model_data":2200127},"model":"slimefun:slimefun/technical_gadgets/parachute"},{"predicate":{"trim_type":0.3,"custom_model_data":2200127},"model":"slimefun:slimefun/technical_gadgets/parachute"},{"predicate":{"trim_type":0.4,"custom_model_data":2200127},"model":"slimefun:slimefun/technical_gadgets/parachute"},{"predicate":{"trim_type":0.5,"custom_model_data":2200127},"model":"slimefun:slimefun/technical_gadgets/parachute"},{"predicate":{"trim_type":0.6,"custom_model_data":2200127},"model":"slimefun:slimefun/technical_gadgets/parachute"},{"predicate":{"trim_type":0.7,"custom_model_data":2200127},"model":"slimefun:slimefun/technical_gadgets/parachute"},{"predicate":{"trim_type":0.8,"custom_model_data":2200127},"model":"slimefun:slimefun/technical_gadgets/parachute"},{"predicate":{"trim_type":0.9,"custom_model_data":2200127},"model":"slimefun:slimefun/technical_gadgets/parachute"},{"predicate":{"trim_type":1.0,"custom_model_data":2200127},"model":"slimefun:slimefun/technical_gadgets/parachute"},{"predicate":{"custom_model_data":2200208},"model":"slimefun:slimefun/armor/hazmat_suit/chestplate"},{"predicate":{"trim_type":0.1,"custom_model_data":2200208},"model":"slimefun:slimefun/armor/hazmat_suit/chestplate"},{"predicate":{"trim_type":0.2,"custom_model_data":2200208},"model":"slimefun:slimefun/armor/hazmat_suit/chestplate"},{"predicate":{"trim_type":0.3,"custom_model_data":2200208},"model":"slimefun:slimefun/armor/hazmat_suit/chestplate"},{"predicate":{"trim_type":0.4,"custom_model_data":2200208},"model":"slimefun:slimefun/armor/hazmat_suit/chestplate"},{"predicate":{"trim_type":0.5,"custom_model_data":2200208},"model":"slimefun:slimefun/armor/hazmat_suit/chestplate"},{"predicate":{"trim_type":0.6,"custom_model_data":2200208},"model":"slimefun:slimefun/armor/hazmat_suit/chestplate"},{"predicate":{"trim_type":0.7,"custom_model_data":2200208},"model":"slimefun:slimefun/armor/hazmat_suit/chestplate"},{"predicate":{"trim_type":0.8,"custom_model_data":2200208},"model":"slimefun:slimefun/armor/hazmat_suit/chestplate"},{"predicate":{"trim_type":0.9,"custom_model_data":2200208},"model":"slimefun:slimefun/armor/hazmat_suit/chestplate"},{"predicate":{"trim_type":1.0,"custom_model_data":2200208},"model":"slimefun:slimefun/armor/hazmat_suit/chestplate"},{"predicate":{"custom_model_data":2201210},"model":"extra_gear:armor/copper/copper_chestplate"},{"predicate":{"trim_type":0.1,"custom_model_data":2201210},"model":"extra_gear:armor/copper/copper_chestplate"},{"predicate":{"trim_type":0.2,"custom_model_data":2201210},"model":"extra_gear:armor/copper/copper_chestplate"},{"predicate":{"trim_type":0.3,"custom_model_data":2201210},"model":"extra_gear:armor/copper/copper_chestplate"},{"predicate":{"trim_type":0.4,"custom_model_data":2201210},"model":"extra_gear:armor/copper/copper_chestplate"},{"predicate":{"trim_type":0.5,"custom_model_data":2201210},"model":"extra_gear:armor/copper/copper_chestplate"},{"predicate":{"trim_type":0.6,"custom_model_data":2201210},"model":"extra_gear:armor/copper/copper_chestplate"},{"predicate":{"trim_type":0.7,"custom_model_data":2201210},"model":"extra_gear:armor/copper/copper_chestplate"},{"predicate":{"trim_type":0.8,"custom_model_data":2201210},"model":"extra_gear:armor/copper/copper_chestplate"},{"predicate":{"trim_type":0.9,"custom_model_data":2201210},"model":"extra_gear:armor/copper/copper_chestplate"},{"predicate":{"trim_type":1.0,"custom_model_data":2201210},"model":"extra_gear:armor/copper/copper_chestplate"},{"predicate":{"custom_model_data":2201211},"model":"item/leather_chestplate"}],"textures":{"layer0":"minecraft:item/leather_chestplate","layer1":"minecraft:item/leather_chestplate_overlay"}}