{
	"credit": "Made with Blockbench by Phantom",
	"texture_size": [32, 32],
	"textures": {
		"0": "magic:war/ak47",
		"particle": "magic:war/ak47"
	},
	"elements": [
		{
			"from": [7.75, 0, 0],
			"to": [8.25, 0.5, 6],
			"rotation": {"angle": 0, "axis": "y", "origin": [-0.25, 0, -1]},
			"faces": {
				"north": {"uv": [1.016, 8.016, 1.25, 8.25], "texture": "#0"},
				"east": {"uv": [3.016, 3.016, 5.984, 3.25], "texture": "#0"},
				"south": {"uv": [1.516, 8.016, 1.75, 8.25], "texture": "#0"},
				"west": {"uv": [3.016, 0.016, 5.984, 0.25], "texture": "#0"},
				"up": {"uv": [3.25, 6.484, 3.016, 3.516], "texture": "#0"},
				"down": {"uv": [3.75, 3.516, 3.516, 6.484], "texture": "#0"}
			}
		},
		{
			"from": [7.9, 0.6, 0.7],
			"to": [8.1, 1.9, 1.3],
			"rotation": {"angle": 0, "axis": "y", "origin": [0, 0, -1]},
			"faces": {
				"north": {"uv": [0.016, 8.016, 0.125, 8.625], "texture": "#0"},
				"east": {"uv": [7.016, 4.516, 7.25, 5.125], "texture": "#0"},
				"south": {"uv": [0.516, 8.016, 0.625, 8.625], "texture": "#0"},
				"west": {"uv": [7.016, 5.516, 7.25, 6.125], "texture": "#0"},
				"up": {"uv": [8.125, 8.25, 8.016, 8.016], "texture": "#0"},
				"down": {"uv": [8.125, 0.016, 8.016, 0.25], "texture": "#0"}
			}
		},
		{
			"from": [7.65, -0.1, 0.5],
			"to": [8.35, 0.6, 1.5],
			"rotation": {"angle": 0, "axis": "y", "origin": [-0.25, 0, -1]},
			"faces": {
				"north": {"uv": [7.016, 1.016, 7.375, 1.375], "texture": "#0"},
				"east": {"uv": [4.016, 3.516, 4.484, 3.875], "texture": "#0"},
				"south": {"uv": [7.016, 6.516, 7.375, 6.875], "texture": "#0"},
				"west": {"uv": [6.016, 5.516, 6.484, 5.875], "texture": "#0"},
				"up": {"uv": [5.875, 6.984, 5.516, 6.516], "texture": "#0"},
				"down": {"uv": [6.375, 6.516, 6.016, 6.984], "texture": "#0"}
			}
		},
		{
			"from": [7.75, 1, 4],
			"to": [8.25, 1.5, 6],
			"rotation": {"angle": 0, "axis": "y", "origin": [-0.25, 0, -1]},
			"faces": {
				"north": {"uv": [2.016, 8.016, 2.25, 8.25], "texture": "#0"},
				"east": {"uv": [5.516, 6.016, 6.484, 6.25], "texture": "#0"},
				"south": {"uv": [2.516, 8.016, 2.75, 8.25], "texture": "#0"},
				"west": {"uv": [6.016, 0.016, 6.984, 0.25], "texture": "#0"},
				"up": {"uv": [6.25, 2.484, 6.016, 1.516], "texture": "#0"},
				"down": {"uv": [6.25, 2.516, 6.016, 3.484], "texture": "#0"}
			}
		},
		{
			"from": [7.6, 0.9, 6],
			"to": [8.4, 1.6, 8],
			"rotation": {"angle": 0, "axis": "y", "origin": [-0.2, 0, -1]},
			"faces": {
				"north": {"uv": [0.516, 7.516, 0.875, 7.875], "texture": "#0"},
				"east": {"uv": [3.516, 2.516, 4.484, 2.875], "texture": "#0"},
				"south": {"uv": [1.516, 7.516, 1.875, 7.875], "texture": "#0"},
				"west": {"uv": [4.516, 2.516, 5.484, 2.875], "texture": "#0"},
				"up": {"uv": [5.375, 4.484, 5.016, 3.516], "texture": "#0"},
				"down": {"uv": [4.875, 5.516, 4.516, 6.484], "texture": "#0"}
			}
		},
		{
			"from": [7.75, 1.6, 8],
			"to": [8.25, 1.7, 9.5],
			"rotation": {"angle": 0, "axis": "y", "origin": [-0.25, 0, -1]},
			"faces": {
				"north": {"uv": [8.016, 1.516, 8.25, 1.625], "texture": "#0"},
				"east": {"uv": [7.516, 0.516, 8.25, 0.625], "texture": "#0"},
				"south": {"uv": [8.016, 2.016, 8.25, 2.125], "texture": "#0"},
				"west": {"uv": [7.516, 1.016, 8.25, 1.125], "texture": "#0"},
				"up": {"uv": [6.75, 7.25, 6.516, 6.516], "texture": "#0"},
				"down": {"uv": [6.75, 0.516, 6.516, 1.25], "texture": "#0"}
			}
		},
		{
			"from": [7.75, 1.7, 9.4],
			"to": [7.95, 1.8, 9.5],
			"rotation": {"angle": 0, "axis": "y", "origin": [-0.25, 0, -1]},
			"faces": {
				"north": {"uv": [8.016, 4.516, 8.125, 4.625], "texture": "#0"},
				"east": {"uv": [8.016, 5.016, 8.125, 5.125], "texture": "#0"},
				"south": {"uv": [8.016, 5.516, 8.125, 5.625], "texture": "#0"},
				"west": {"uv": [8.016, 6.016, 8.125, 6.125], "texture": "#0"},
				"up": {"uv": [8.125, 6.625, 8.016, 6.516], "texture": "#0"},
				"down": {"uv": [8.125, 7.016, 8.016, 7.125], "texture": "#0"}
			}
		},
		{
			"from": [8.05, 1.7, 9.4],
			"to": [8.25, 1.8, 9.5],
			"rotation": {"angle": 0, "axis": "y", "origin": [-0.25, 0, -1]},
			"faces": {
				"north": {"uv": [8.016, 7.516, 8.125, 7.625], "texture": "#0"},
				"east": {"uv": [1.016, 8.516, 1.125, 8.625], "texture": "#0"},
				"south": {"uv": [1.516, 8.516, 1.625, 8.625], "texture": "#0"},
				"west": {"uv": [2.016, 8.516, 2.125, 8.625], "texture": "#0"},
				"up": {"uv": [2.625, 8.625, 2.516, 8.516], "texture": "#0"},
				"down": {"uv": [3.125, 8.516, 3.016, 8.625], "texture": "#0"}
			}
		},
		{
			"from": [7.5999, -0.6, 7.5],
			"to": [8.4001, -0.1, 9],
			"rotation": {"angle": 22.5, "axis": "x", "origin": [7.7, -0.1, 9]},
			"faces": {
				"north": {"uv": [7.516, 1.516, 7.875, 1.75], "texture": "#0"},
				"east": {"uv": [6.516, 1.516, 7.25, 1.75], "texture": "#0"},
				"south": {"uv": [7.516, 2.016, 7.875, 2.25], "texture": "#0"},
				"west": {"uv": [6.516, 2.016, 7.25, 2.25], "texture": "#0"},
				"up": {"uv": [2.375, 6.75, 2.016, 6.016], "texture": "#0"},
				"down": {"uv": [5.375, 6.016, 5.016, 6.75], "texture": "#0"}
			}
		},
		{
			"from": [7.6, -0.1, 6],
			"to": [8.4, 0.9, 9],
			"rotation": {"angle": 0, "axis": "y", "origin": [7.7, -0.1, 9]},
			"faces": {
				"north": {"uv": [6.516, 2.516, 6.875, 2.984], "texture": "#0"},
				"east": {"uv": [3.016, 0.516, 4.484, 0.984], "texture": "#0"},
				"south": {"uv": [6.516, 3.016, 6.875, 3.484], "texture": "#0"},
				"west": {"uv": [3.016, 1.016, 4.484, 1.484], "texture": "#0"},
				"up": {"uv": [1.875, 5.984, 1.516, 4.516], "texture": "#0"},
				"down": {"uv": [2.375, 4.516, 2.016, 5.984], "texture": "#0"}
			}
		},
		{
			"from": [6.9, 0.8, 9.5],
			"to": [7.7, 1.1, 9.7],
			"rotation": {"angle": 0, "axis": "y", "origin": [7.7, -0.1, 9]},
			"faces": {
				"north": {"uv": [6.016, 8.016, 6.375, 8.125], "texture": "#0"},
				"east": {"uv": [3.516, 8.516, 3.625, 8.625], "texture": "#0"},
				"south": {"uv": [6.516, 8.016, 6.875, 8.125], "texture": "#0"},
				"west": {"uv": [4.016, 8.516, 4.125, 8.625], "texture": "#0"},
				"up": {"uv": [7.375, 8.125, 7.016, 8.016], "texture": "#0"},
				"down": {"uv": [7.875, 8.016, 7.516, 8.125], "texture": "#0"}
			}
		},
		{
			"from": [7.6501, 0.2601, 12.51563],
			"to": [8.3499, 1.2751, 13.81563],
			"rotation": {"angle": -45, "axis": "x", "origin": [7.6499, 1.6601, 13.51563]},
			"faces": {
				"north": {"uv": [6.55, 3.55, 6.875, 3.95], "texture": "#0"},
				"east": {"uv": [5.55, 4.55, 6.125, 4.95], "texture": "#0"},
				"south": {"uv": [6.55, 4.05, 6.875, 4.45], "texture": "#0"},
				"west": {"uv": [5.55, 5.05, 6.125, 5.45], "texture": "#0"},
				"up": {"uv": [4.375, 7.125, 4.05, 6.55], "texture": "#0"},
				"down": {"uv": [4.875, 6.55, 4.55, 7.125], "texture": "#0"}
			}
		},
		{
			"from": [7.65, -0.1, 14],
			"to": [8.35, 0.88, 14.718],
			"rotation": {"angle": 0, "axis": "x", "origin": [8, 0.4, 13.7]},
			"faces": {
				"north": {"uv": [6.516, 4.516, 6.875, 4.984], "texture": "#0"},
				"east": {"uv": [6.516, 5.016, 6.875, 5.484], "texture": "#0"},
				"south": {"uv": [6.516, 5.516, 6.875, 5.984], "texture": "#0"},
				"west": {"uv": [6.516, 6.016, 6.875, 6.484], "texture": "#0"},
				"up": {"uv": [2.875, 7.875, 2.516, 7.516], "texture": "#0"},
				"down": {"uv": [3.375, 7.516, 3.016, 7.875], "texture": "#0"}
			}
		},
		{
			"from": [7.65, -0.1, 8],
			"to": [8.35, 1.6, 14],
			"rotation": {"angle": 0, "axis": "y", "origin": [8, 0.75, 11.25]},
			"faces": {
				"north": {"uv": [5.516, 2.016, 5.875, 2.875], "texture": "#0"},
				"east": {"uv": [0.016, 0.016, 2.984, 0.875], "texture": "#0"},
				"south": {"uv": [5.516, 3.516, 5.875, 4.375], "texture": "#0"},
				"west": {"uv": [0.016, 1.016, 2.984, 1.875], "texture": "#0"},
				"up": {"uv": [0.375, 4.984, 0.016, 2.016], "texture": "#0"},
				"down": {"uv": [0.875, 2.016, 0.516, 4.984], "texture": "#0"}
			}
		},
		{
			"from": [7.7501, -0.6, 13.6],
			"to": [8.2499, -0.1, 14.5],
			"rotation": {"angle": 0, "axis": "y", "origin": [7.65, -0.1, 10]},
			"faces": {
				"north": {"uv": [3.016, 8.016, 3.25, 8.25], "texture": "#0"},
				"east": {"uv": [3.516, 7.516, 3.984, 7.75], "texture": "#0"},
				"south": {"uv": [3.516, 8.016, 3.75, 8.25], "texture": "#0"},
				"west": {"uv": [4.016, 7.516, 4.484, 7.75], "texture": "#0"},
				"up": {"uv": [4.75, 7.984, 4.516, 7.516], "texture": "#0"},
				"down": {"uv": [6.75, 7.516, 6.516, 7.984], "texture": "#0"}
			}
		},
		{
			"from": [7.75, 0, 14.5],
			"to": [8.25, 0.8, 19.5],
			"rotation": {"angle": 0, "axis": "y", "origin": [7.65, -0.1, 10]},
			"faces": {
				"north": {"uv": [7.516, 2.516, 7.75, 2.875], "texture": "#0"},
				"east": {"uv": [1.016, 2.016, 3.484, 2.375], "texture": "#0"},
				"south": {"uv": [7.516, 3.016, 7.75, 3.375], "texture": "#0"},
				"west": {"uv": [1.016, 2.516, 3.484, 2.875], "texture": "#0"},
				"up": {"uv": [4.25, 6.484, 4.016, 4.016], "texture": "#0"},
				"down": {"uv": [1.25, 4.516, 1.016, 6.984], "texture": "#0"}
			}
		},
		{
			"from": [7.9, 0.9, 14.3],
			"to": [8.1, 1.3, 14.5],
			"rotation": {"angle": -22.5, "axis": "x", "origin": [8, 0.9, 14]},
			"faces": {
				"north": {"uv": [8.016, 2.516, 8.125, 2.75], "texture": "#0"},
				"east": {"uv": [8.016, 3.016, 8.125, 3.25], "texture": "#0"},
				"south": {"uv": [8.016, 3.516, 8.125, 3.75], "texture": "#0"},
				"west": {"uv": [8.016, 4.016, 8.125, 4.25], "texture": "#0"},
				"up": {"uv": [4.625, 8.625, 4.516, 8.516], "texture": "#0"},
				"down": {"uv": [5.125, 8.516, 5.016, 8.625], "texture": "#0"}
			}
		},
		{
			"from": [7.75, -0.7, 17.4],
			"to": [8.25, 0, 19.5],
			"rotation": {"angle": 0, "axis": "y", "origin": [7.65, -0.1, 10]},
			"faces": {
				"north": {"uv": [7.516, 3.516, 7.75, 3.875], "texture": "#0"},
				"east": {"uv": [5.016, 1.516, 5.984, 1.875], "texture": "#0"},
				"south": {"uv": [7.516, 4.016, 7.75, 4.375], "texture": "#0"},
				"west": {"uv": [5.016, 5.516, 5.984, 5.875], "texture": "#0"},
				"up": {"uv": [6.25, 4.484, 6.016, 3.516], "texture": "#0"},
				"down": {"uv": [2.75, 6.516, 2.516, 7.484], "texture": "#0"}
			}
		},
		{
			"from": [7.75, -1.5, 19],
			"to": [8.25, -0.7, 19.5],
			"rotation": {"angle": 0, "axis": "y", "origin": [7.65, -0.1, 10]},
			"faces": {
				"north": {"uv": [7.516, 4.516, 7.75, 4.875], "texture": "#0"},
				"east": {"uv": [7.516, 5.016, 7.75, 5.375], "texture": "#0"},
				"south": {"uv": [7.516, 5.516, 7.75, 5.875], "texture": "#0"},
				"west": {"uv": [7.516, 6.016, 7.75, 6.375], "texture": "#0"},
				"up": {"uv": [4.25, 8.25, 4.016, 8.016], "texture": "#0"},
				"down": {"uv": [4.75, 8.016, 4.516, 8.25], "texture": "#0"}
			}
		},
		{
			"from": [7.7499, -1.5, 15],
			"to": [8.2501, -0.7, 19],
			"rotation": {"angle": 22.5, "axis": "x", "origin": [7.75, -1.5, 19]},
			"faces": {
				"north": {"uv": [7.516, 6.516, 7.75, 6.875], "texture": "#0"},
				"east": {"uv": [3.016, 1.516, 4.984, 1.875], "texture": "#0"},
				"south": {"uv": [7.516, 7.016, 7.75, 7.375], "texture": "#0"},
				"west": {"uv": [3.516, 2.016, 5.484, 2.375], "texture": "#0"},
				"up": {"uv": [2.75, 6.484, 2.516, 4.516], "texture": "#0"},
				"down": {"uv": [0.25, 5.016, 0.016, 6.984], "texture": "#0"}
			}
		},
		{
			"from": [7.75, -1.6, 10.6],
			"to": [8.25, -0.1, 12.1],
			"rotation": {"angle": 0, "axis": "y", "origin": [7.65, -0.1, 9.9]},
			"faces": {
				"north": {"uv": [0.016, 7.016, 0.25, 7.75], "texture": "#0"},
				"east": {"uv": [4.516, 4.516, 5.25, 5.25], "texture": "#0"},
				"south": {"uv": [1.016, 7.016, 1.25, 7.75], "texture": "#0"},
				"west": {"uv": [4.516, 0.516, 5.25, 1.25], "texture": "#0"},
				"up": {"uv": [2.25, 7.75, 2.016, 7.016], "texture": "#0"},
				"down": {"uv": [5.25, 7.016, 5.016, 7.75], "texture": "#0"}
			}
		},
		{
			"from": [7.7499, -4.1, 10.5],
			"to": [8.2501, -1.6, 12.1],
			"rotation": {"angle": 22.5, "axis": "x", "origin": [8.2501, -1.6, 12.1]},
			"faces": {
				"north": {"uv": [0.516, 6.016, 0.75, 7.25], "texture": "#0"},
				"east": {"uv": [1.016, 3.016, 1.75, 4.25], "texture": "#0"},
				"south": {"uv": [1.516, 6.016, 1.75, 7.25], "texture": "#0"},
				"west": {"uv": [2.016, 3.016, 2.75, 4.25], "texture": "#0"},
				"up": {"uv": [5.75, 7.75, 5.516, 7.016], "texture": "#0"},
				"down": {"uv": [6.25, 7.016, 6.016, 7.75], "texture": "#0"}
			}
		},
		{
			"from": [8, -1.1, 12.1],
			"to": [8, -0.1, 13.6],
			"rotation": {"angle": 0, "axis": "y", "origin": [7.9, -0.1, 10]},
			"faces": {
				"north": {"uv": [0.016, 0.016, 0.016, 0.484], "texture": "#0"},
				"east": {"uv": [6.25, 1.016, 5.516, 1.484], "texture": "#0"},
				"south": {"uv": [0.016, 0.016, 0.016, 0.484], "texture": "#0"},
				"west": {"uv": [5.516, 1.016, 6.25, 1.484], "texture": "#0"},
				"up": {"uv": [0.016, 0.75, 0.016, 0.016], "texture": "#0"},
				"down": {"uv": [0.016, 0.016, 0.016, 0.75], "texture": "#0"}
			}
		},
		{
			"from": [7.75, -2.63827, 13.60761],
			"to": [8.25, -0.63827, 14.58261],
			"rotation": {"angle": -22.5, "axis": "x", "origin": [7.7499, -0.63827, 13.50761]},
			"faces": {
				"north": {"uv": [3.016, 6.516, 3.25, 7.484], "texture": "#0"},
				"east": {"uv": [4.516, 3.516, 4.984, 4.484], "texture": "#0"},
				"south": {"uv": [3.516, 6.516, 3.75, 7.484], "texture": "#0"},
				"west": {"uv": [0.516, 5.016, 0.984, 5.984], "texture": "#0"},
				"up": {"uv": [7.75, 7.984, 7.516, 7.516], "texture": "#0"},
				"down": {"uv": [7.75, 0.016, 7.516, 0.484], "texture": "#0"}
			}
		},
		{
			"from": [7.7501, 0, 4],
			"to": [8.2499, 1.5, 4.5],
			"rotation": {"angle": 45, "axis": "x", "origin": [7.75, 1.5, 4]},
			"faces": {
				"north": {"uv": [7.016, 7.016, 7.25, 7.75], "texture": "#0"},
				"east": {"uv": [7.016, 0.016, 7.25, 0.75], "texture": "#0"},
				"south": {"uv": [7.016, 2.516, 7.25, 3.25], "texture": "#0"},
				"west": {"uv": [7.016, 3.516, 7.25, 4.25], "texture": "#0"},
				"up": {"uv": [5.25, 8.25, 5.016, 8.016], "texture": "#0"},
				"down": {"uv": [5.75, 8.016, 5.516, 8.25], "texture": "#0"}
			}
		}
	],
	"display": {
		"thirdperson_righthand": {
			"translation": [0, 12.25, -7],
			"scale": [1.5, 1.5, 1.5]
		},
		"thirdperson_lefthand": {
			"translation": [0, 12.25, -7],
			"scale": [1.5, 1.5, 1.5]
		},
		"firstperson_righthand": {
			"translation": [0, 13.75, 0],
			"scale": [1.5, 1.5, 1.5]
		},
		"firstperson_lefthand": {
			"translation": [0, 13.75, 0],
			"scale": [1.5, 1.5, 1.5]
		},
		"ground": {
			"rotation": [0, 0, -90],
			"translation": [8, 0, -1.25]
		},
		"gui": {
			"rotation": [0, 90, 0],
			"translation": [-1.25, 8, 0],
			"scale": [0.75, 0.75, 0.75]
		},
		"fixed": {
			"rotation": [0, -90, 0],
			"translation": [1.5, 8, 0]
		}
	}
}