{
	"credit": "Made with Blockbench by Phantom",
	"texture_size": [32, 32],
	"textures": {
		"0": "magic:war/deserteagle",
		"particle": "magic:war/deserteagle"
	},
	"elements": [
		{
			"from": [7.5, 0, -0.201],
			"to": [8.5, 1, 7],
			"rotation": {"angle": 45, "axis": "z", "origin": [8, 0.5, 0.3]},
			"faces": {
				"north": {"uv": [5.5, 5, 6, 5.5], "texture": "#0"},
				"east": {"uv": [3, 2.5, 6.5, 3], "texture": "#0"},
				"south": {"uv": [6, 4, 6.5, 4.5], "texture": "#0"},
				"west": {"uv": [3.5, 1, 7, 1.5], "texture": "#0"},
				"up": {"uv": [4.5, 8, 4, 4.5], "texture": "#0"},
				"down": {"uv": [5, 4.5, 4.5, 8], "texture": "#0"}
			}
		},
		{
			"from": [7.40015, -9.4, 6.8],
			"to": [8.60015, -3.4, 9.3],
			"rotation": {"angle": -22.5, "axis": "x", "origin": [7.90015, 0.5, 0.5]},
			"faces": {
				"north": {"uv": [0.5, 5.5, 1, 8.5], "texture": "#0"},
				"east": {"uv": [0, 0, 1.25, 3], "texture": "#0"},
				"south": {"uv": [1, 5.5, 1.5, 8.5], "texture": "#0"},
				"west": {"uv": [1.5, 1.5, 2.75, 4.5], "texture": "#0"},
				"up": {"uv": [0.5, 4.25, 0, 3], "texture": "#0"},
				"down": {"uv": [1, 3, 0.5, 4.25], "texture": "#0"}
			}
		},
		{
			"from": [7.4, -6.15886, 9.72371],
			"to": [8.6, -5.65886, 10.22371],
			"rotation": {"angle": 22.5, "axis": "x", "origin": [7.9, -5.90886, 9.97371]},
			"faces": {
				"north": {"uv": [5.5, 6.5, 6, 6.75], "texture": "#0"},
				"east": {"uv": [7, 2, 7.25, 2.25], "texture": "#0"},
				"south": {"uv": [6.5, 6.5, 7, 6.75], "texture": "#0"},
				"west": {"uv": [7, 2.5, 7.25, 2.75], "texture": "#0"},
				"up": {"uv": [7, 1.75, 6.5, 1.5], "texture": "#0"},
				"down": {"uv": [7, 2, 6.5, 2.25], "texture": "#0"}
			}
		},
		{
			"from": [7.40015, -1, 9.8],
			"to": [8.60015, 1.2, 11],
			"rotation": {"angle": -22.5, "axis": "x", "origin": [7.40015, 1.2, 11]},
			"faces": {
				"north": {"uv": [2.5, 5.5, 3, 6.5], "texture": "#0"},
				"east": {"uv": [3, 5.5, 3.5, 6.5], "texture": "#0"},
				"south": {"uv": [3.5, 5.5, 4, 6.5], "texture": "#0"},
				"west": {"uv": [5.5, 5.5, 6, 6.5], "texture": "#0"},
				"up": {"uv": [6.5, 5, 6, 4.5], "texture": "#0"},
				"down": {"uv": [6.5, 5, 6, 5.5], "texture": "#0"}
			}
		},
		{
			"from": [7.40025, -0.85537, 11.4271],
			"to": [8.60025, -0.55537, 12.4271],
			"rotation": {"angle": 0, "axis": "x", "origin": [7.40015, 1.14463, 11.3271]},
			"faces": {
				"north": {"uv": [6.5, 2.5, 7, 2.75], "texture": "#0"},
				"east": {"uv": [6.5, 3, 7, 3.25], "texture": "#0"},
				"south": {"uv": [6.5, 3.5, 7, 3.75], "texture": "#0"},
				"west": {"uv": [6.5, 4, 7, 4.25], "texture": "#0"},
				"up": {"uv": [6.5, 6, 6, 5.5], "texture": "#0"},
				"down": {"uv": [3, 6.5, 2.5, 7], "texture": "#0"}
			}
		},
		{
			"from": [7.85, -0.15537, 10.8271],
			"to": [8.15, 0.34463, 11.8271],
			"rotation": {"angle": -22.5, "axis": "x", "origin": [7.85, 0.34463, 10.6271]},
			"faces": {
				"north": {"uv": [7, 3, 7.25, 3.25], "texture": "#0"},
				"east": {"uv": [6.5, 4.5, 7, 4.75], "texture": "#0"},
				"south": {"uv": [7, 3.5, 7.25, 3.75], "texture": "#0"},
				"west": {"uv": [6.5, 5, 7, 5.25], "texture": "#0"},
				"up": {"uv": [6.75, 6, 6.5, 5.5], "texture": "#0"},
				"down": {"uv": [6.75, 6, 6.5, 6.5], "texture": "#0"}
			}
		},
		{
			"from": [7.4, -1.1, 7],
			"to": [8.6005, 1.2, 11],
			"rotation": {"angle": 0, "axis": "z", "origin": [7.90015, 0.5, 0.5]},
			"faces": {
				"north": {"uv": [1, 3, 1.5, 4.25], "texture": "#0"},
				"east": {"uv": [1.5, 0, 3.5, 1.25], "texture": "#0"},
				"south": {"uv": [2, 5.5, 2.5, 6.75], "texture": "#0"},
				"west": {"uv": [3, 3, 5, 4.25], "texture": "#0"},
				"up": {"uv": [5.5, 5, 5, 3], "texture": "#0"},
				"down": {"uv": [2, 5.5, 1.5, 7.5], "texture": "#0"}
			}
		},
		{
			"from": [7.5, 1.2, 10.6],
			"to": [8.5, 1.5, 10.9],
			"rotation": {"angle": -22.5, "axis": "z", "origin": [7.5, 1.2, 10.9]},
			"faces": {
				"north": {"uv": [2, 7, 2.5, 7.25], "texture": "#0"},
				"east": {"uv": [7, 4, 7.25, 4.25], "texture": "#0"},
				"south": {"uv": [2.5, 7, 3, 7.25], "texture": "#0"},
				"west": {"uv": [7, 4.5, 7.25, 4.75], "texture": "#0"},
				"up": {"uv": [6, 7.25, 5.5, 7], "texture": "#0"},
				"down": {"uv": [6.5, 7, 6, 7.25], "texture": "#0"}
			}
		},
		{
			"from": [7.49979, 1.00105, 10.6],
			"to": [8.49979, 1.30105, 10.9],
			"rotation": {"angle": 22.5, "axis": "z", "origin": [7.99979, 1.10105, 10.85]},
			"faces": {
				"north": {"uv": [6.5, 7, 7, 7.25], "texture": "#0"},
				"east": {"uv": [7, 5, 7.25, 5.25], "texture": "#0"},
				"south": {"uv": [7, 7, 7.5, 7.25], "texture": "#0"},
				"west": {"uv": [7, 5.5, 7.25, 5.75], "texture": "#0"},
				"up": {"uv": [7.5, 0.25, 7, 0], "texture": "#0"},
				"down": {"uv": [7.5, 0.5, 7, 0.75], "texture": "#0"}
			}
		},
		{
			"from": [7.40015, -1.1, 0.5],
			"to": [8.60015, 0.4, 7],
			"rotation": {"angle": 0, "axis": "z", "origin": [7.90015, 0.2, 1]},
			"faces": {
				"north": {"uv": [5.5, 3, 6, 3.75], "texture": "#0"},
				"east": {"uv": [3, 1.5, 6.25, 2.25], "texture": "#0"},
				"south": {"uv": [5.5, 4, 6, 4.75], "texture": "#0"},
				"west": {"uv": [3.5, 0, 6.75, 0.75], "texture": "#0"},
				"up": {"uv": [5.5, 8.25, 5, 5], "texture": "#0"},
				"down": {"uv": [0.5, 5.5, 0, 8.75], "texture": "#0"}
			}
		},
		{
			"from": [7.40015, -1.1, 0.5],
			"to": [8.60015, 0.5, 1.1],
			"rotation": {"angle": -22.5, "axis": "x", "origin": [7.40015, -1.1, 0.5]},
			"faces": {
				"north": {"uv": [6, 6, 6.5, 6.75], "texture": "#0"},
				"east": {"uv": [3, 6.5, 3.25, 7.25], "texture": "#0"},
				"south": {"uv": [6, 3, 6.5, 3.75], "texture": "#0"},
				"west": {"uv": [3.5, 6.5, 3.75, 7.25], "texture": "#0"},
				"up": {"uv": [7.5, 1.25, 7, 1], "texture": "#0"},
				"down": {"uv": [7.5, 1.5, 7, 1.75], "texture": "#0"}
			}
		},
		{
			"from": [7.95, 1, -0.1],
			"to": [8.05, 1.4, 0.4],
			"rotation": {"angle": 22.5, "axis": "x", "origin": [8, 1.15, -0.1]},
			"faces": {
				"north": {"uv": [7, 6, 7.25, 6.25], "texture": "#0"},
				"east": {"uv": [7, 6.5, 7.25, 6.75], "texture": "#0"},
				"south": {"uv": [1.5, 7.5, 1.75, 7.75], "texture": "#0"},
				"west": {"uv": [2, 7.5, 2.25, 7.75], "texture": "#0"},
				"up": {"uv": [2.75, 7.75, 2.5, 7.5], "texture": "#0"},
				"down": {"uv": [3.25, 7.5, 3, 7.75], "texture": "#0"}
			}
		},
		{
			"from": [8, -2.8, 5],
			"to": [8, -0.8, 9],
			"rotation": {"angle": 0, "axis": "z", "origin": [8.5, 0.5, 0.5]},
			"faces": {
				"north": {"uv": [0, 0, 0, 1], "texture": "#0"},
				"east": {"uv": [4, 4.5, 2, 5.5], "texture": "#0"},
				"south": {"uv": [0, 0, 0, 1], "texture": "#0"},
				"west": {"uv": [2, 4.5, 4, 5.5], "texture": "#0"},
				"up": {"uv": [0, 2, 0, 0], "texture": "#0"},
				"down": {"uv": [0, 0, 0, 2], "texture": "#0"}
			}
		},
		{
			"from": [7.75, 0.3, -0.3],
			"to": [8.25, 0.8, 0.2],
			"rotation": {"angle": 0, "axis": "y", "origin": [-0.25, 0, 0]},
			"faces": {
				"north": {"uv": [0, 1, 0.25, 1.25], "texture": "#0"},
				"east": {"uv": [0, 1, 0.25, 1.25], "texture": "#0"},
				"south": {"uv": [0, 1, 0.25, 1.25], "texture": "#0"},
				"west": {"uv": [0, 1, 0.25, 1.25], "texture": "#0"},
				"up": {"uv": [0, 1, 0.25, 1.25], "texture": "#0"},
				"down": {"uv": [0, 1, 0.25, 1.25], "texture": "#0"}
			}
		}
	],
	"display": {
		"thirdperson_righthand": {
			"translation": [0, 9, 1.5]
		},
		"thirdperson_lefthand": {
			"translation": [0, 9, 1.5]
		},
		"firstperson_righthand": {
			"translation": [0, 12.5, 0]
		},
		"firstperson_lefthand": {
			"translation": [0, 12.5, 0]
		},
		"ground": {
			"rotation": [0, 0, -90],
			"translation": [9, -2.5, 1.5]
		},
		"gui": {
			"rotation": [0, 90, 0],
			"translation": [2, 10, 0]
		},
		"fixed": {
			"rotation": [0, -90, 0],
			"translation": [-2, 10, 0]
		}
	}
}