{
	"parent": "magic:base/lit",
	"credit": "Made with Blockbench, a free, modern block model editor by JannisX11",
	"textures": {
		"0": "block/mossy_cobblestone",
		"1": "block/green_terracotta",
		"2": "block/black_stained_glass",
		"particle": "block/mossy_cobblestone"
	},
	"elements": [
		{
			"name": "Back",
			"from": [7, 4, -11],
			"to": [9, 8, -10],
			"faces": {
				"north": {"uv": [0, 0, 2, 4], "texture": "#0"},
				"east": {"uv": [0, 0, 1, 4], "texture": "#0"},
				"south": {"uv": [0, 0, 2, 4], "texture": "#0"},
				"west": {"uv": [0, 0, 1, 4], "texture": "#0"},
				"up": {"uv": [0, 0, 2, 1], "texture": "#0"},
				"down": {"uv": [0, 0, 2, 1], "texture": "#0"}
			},
			"type": "cube"
		},
		{
			"name": "Back",
			"from": [7, 4, -10],
			"to": [9, 8, -8.3],
			"faces": {
				"north": {"uv": [0, 0, 2, 4], "texture": "#1"},
				"east": {"uv": [0, 0, 1.7, 4], "texture": "#1"},
				"south": {"uv": [0, 0, 2, 4], "texture": "#1"},
				"west": {"uv": [0, 0, 1.7, 4], "texture": "#1"},
				"up": {"uv": [0, 0, 2, 1.7], "texture": "#1"},
				"down": {"uv": [0, 0, 2, 1.7], "texture": "#1"}
			},
			"type": "cube"
		},
		{
			"name": "Back",
			"from": [7, 10.5, -8.5],
			"to": [9, 13.5, -6.1],
			"faces": {
				"north": {"uv": [0, 0, 2, 3], "texture": "#1"},
				"east": {"uv": [0, 0, 2.4, 3], "texture": "#1"},
				"south": {"uv": [0, 0, 2, 3], "texture": "#1"},
				"west": {"uv": [0, 0, 2.4, 3], "texture": "#1"},
				"up": {"uv": [0, 0, 2, 2.4], "texture": "#1"},
				"down": {"uv": [0, 0, 2, 2.4], "texture": "#1"}
			},
			"rotation": {
				"origin": [8, 8, 8],
				"axis": "x",
				"angle": -22.5
			},
			"type": "cube"
		},
		{
			"name": "Back",
			"from": [7, 5, -8.4],
			"to": [9, 7.8, -6],
			"faces": {
				"north": {"uv": [0, 0, 2, 2.8], "texture": "#1"},
				"east": {"uv": [0, 0, 2.4, 2.8], "texture": "#1"},
				"south": {"uv": [0, 0, 2, 2.8], "texture": "#1"},
				"west": {"uv": [0, 0, 2.4, 2.8], "texture": "#1"},
				"up": {"uv": [0, 0, 2, 2.4], "texture": "#1"},
				"down": {"uv": [0, 0, 2, 2.4], "texture": "#1"}
			},
			"type": "cube"
		},
		{
			"name": "Back",
			"from": [7, 15.7, -4.2],
			"to": [9, 17.7, -1.8000000000000003],
			"faces": {
				"north": {"uv": [0, 0, 2, 2], "texture": "#1"},
				"east": {"uv": [0, 0, 2.4, 2], "texture": "#1"},
				"south": {"uv": [0, 0, 2, 2], "texture": "#1"},
				"west": {"uv": [0, 0, 2.4, 2], "texture": "#1"},
				"up": {"uv": [0, 0, 2, 2.4], "texture": "#1"},
				"down": {"uv": [0, 0, 2, 2.4], "texture": "#1"}
			},
			"rotation": {
				"origin": [8, 8, 8],
				"axis": "x",
				"angle": -45
			},
			"type": "cube"
		},
		{
			"name": "Back",
			"from": [7, 6.4, -6],
			"to": [9, 8, -2.6],
			"faces": {
				"north": {"uv": [0, 0, 2, 1.6], "texture": "#1"},
				"east": {"uv": [0, 0, 3.4, 1.6], "texture": "#1"},
				"south": {"uv": [0, 0, 2, 1.6], "texture": "#1"},
				"west": {"uv": [0, 0, 3.4, 1.6], "texture": "#1"},
				"up": {"uv": [0, 0, 2, 3.4], "texture": "#1"},
				"down": {"uv": [0, 0, 2, 3.4], "texture": "#1"}
			},
			"type": "cube"
		},
		{
			"name": "Back",
			"from": [7, -0.8, 0.5],
			"to": [9, 0.5, 2],
			"faces": {
				"north": {"uv": [0, 0, 2, 1.3], "texture": "#1"},
				"east": {"uv": [0, 0, 1.5, 1.3], "texture": "#1"},
				"south": {"uv": [0, 0, 2, 1.3], "texture": "#1"},
				"west": {"uv": [0, 0, 1.5, 1.3], "texture": "#1"},
				"up": {"uv": [0, 0, 2, 1.5], "texture": "#1"},
				"down": {"uv": [0, 0, 2, 1.5], "texture": "#1"}
			},
			"rotation": {
				"origin": [8, 8, 8],
				"axis": "x",
				"angle": 45
			},
			"type": "cube"
		},
		{
			"name": "Back",
			"from": [7, 5.2, -2.5],
			"to": [9, 7, -1],
			"faces": {
				"north": {"uv": [0, 0, 2, 1.8], "texture": "#1"},
				"east": {"uv": [0, 0, 1.5, 1.8], "texture": "#1"},
				"south": {"uv": [0, 0, 2, 1.8], "texture": "#1"},
				"west": {"uv": [0, 0, 1.5, 1.8], "texture": "#1"},
				"up": {"uv": [0, 0, 2, 1.5], "texture": "#1"},
				"down": {"uv": [0, 0, 2, 1.5], "texture": "#1"}
			},
			"type": "cube"
		},
		{
			"name": "Back",
			"from": [7, -0.3, -0.7],
			"to": [9, 1.9000000000000001, 0.8],
			"faces": {
				"north": {"uv": [0, 0, 2, 2.2], "texture": "#1"},
				"east": {"uv": [0, 0, 1.5, 2.2], "texture": "#1"},
				"south": {"uv": [0, 0, 2, 2.2], "texture": "#1"},
				"west": {"uv": [0, 0, 1.5, 2.2], "texture": "#1"},
				"up": {"uv": [0, 0, 2, 1.5], "texture": "#1"},
				"down": {"uv": [0, 0, 2, 1.5], "texture": "#1"}
			},
			"rotation": {
				"origin": [8, 8, 8],
				"axis": "x",
				"angle": 22.5
			},
			"type": "cube"
		},
		{
			"name": "Back",
			"from": [7, 3.1, -3.2],
			"to": [9, 3.7, -1.8000000000000003],
			"faces": {
				"north": {
					"uv": [0, 0, 2, 0.6000000000000001],
					"texture": "#1"
				},
				"east": {
					"uv": [0, 0, 1.4, 0.6000000000000001],
					"texture": "#1"
				},
				"south": {
					"uv": [0, 0, 2, 0.6000000000000001],
					"texture": "#1"
				},
				"west": {
					"uv": [0, 0, 1.4, 0.6000000000000001],
					"texture": "#1"
				},
				"up": {"uv": [0, 0, 2, 1.4], "texture": "#1"},
				"down": {"uv": [0, 0, 2, 1.4], "texture": "#1"}
			},
			"type": "cube"
		},
		{
			"name": "Back",
			"from": [7, 6.4, -2.6],
			"to": [9, 8.200000000000001, 10.799999999999999],
			"faces": {
				"north": {"uv": [0, 0, 2, 1.8], "texture": "#1"},
				"east": {
					"uv": [0, 0, 15.399999999999999, 1.8],
					"texture": "#1"
				},
				"south": {"uv": [0, 0, 2, 1.8], "texture": "#1"},
				"west": {
					"uv": [0, 0, 15.399999999999999, 1.8],
					"texture": "#1"
				},
				"up": {
					"uv": [0, 0, 2, 15.399999999999999],
					"texture": "#1"
				},
				"down": {
					"uv": [0, 0, 2, 15.399999999999999],
					"texture": "#1"
				}
			},
			"type": "cube"
		},
		{
			"name": "Back",
			"from": [7, 8, -4],
			"to": [9, 8.1, -2.6000000000000014],
			"faces": {
				"north": {
					"uv": [0, 0, 2, 0.10000000000000009],
					"texture": "#1"
				},
				"east": {
					"uv": [0, 0, 15.399999999999999, 1.8],
					"texture": "#1"
				},
				"south": {
					"uv": [0, 0, 2, 0.10000000000000009],
					"texture": "#1"
				},
				"west": {
					"uv": [0, 0, 15.399999999999999, 1.8],
					"texture": "#1"
				},
				"up": {
					"uv": [0, 0, 2, 3.3999999999999986],
					"texture": "#1"
				},
				"down": {
					"uv": [0, 0, 2, 15.399999999999999],
					"texture": "#1"
				}
			},
			"type": "cube"
		},
		{
			"name": "BackBlack",
			"from": [6.9, 6.5, -9],
			"to": [9.100000000000001, 8.8, -8.2],
			"faces": {
				"north": {"uv": [0, 0, 2.2, 2.3], "texture": "#0"},
				"east": {"uv": [0, 0, 0.8, 2.3], "texture": "#0"},
				"south": {"uv": [0, 0, 2.2, 2.3], "texture": "#0"},
				"west": {"uv": [0, 0, 0.8, 2.3], "texture": "#0"},
				"up": {"uv": [0, 0, 2.2, 0.8], "texture": "#0"},
				"down": {"uv": [0, 0, 2.2, 0.8], "texture": "#0"}
			},
			"type": "cube"
		},
		{
			"name": "BackBlack",
			"from": [6.9, 6.5, -6.8],
			"to": [9.100000000000001, 8.8, -6],
			"faces": {
				"north": {"uv": [0, 0, 2.2, 2.3], "texture": "#0"},
				"east": {"uv": [0, 0, 0.8, 2.3], "texture": "#0"},
				"south": {"uv": [0, 0, 2.2, 2.3], "texture": "#0"},
				"west": {"uv": [0, 0, 0.8, 2.3], "texture": "#0"},
				"up": {"uv": [0, 0, 2.2, 0.8], "texture": "#0"},
				"down": {"uv": [0, 0, 2.2, 0.8], "texture": "#0"}
			},
			"type": "cube"
		},
		{
			"name": "BackBlack",
			"from": [6.9, 6.5, -7.7],
			"to": [9.100000000000001, 8.8, -7.3],
			"faces": {
				"north": {"uv": [0, 0, 2.2, 2.3], "texture": "#0"},
				"east": {"uv": [0, 0, 0.4, 2.3], "texture": "#0"},
				"south": {"uv": [0, 0, 2.2, 2.3], "texture": "#0"},
				"west": {"uv": [0, 0, 0.4, 2.3], "texture": "#0"},
				"up": {"uv": [0, 0, 2.2, 0.4], "texture": "#0"},
				"down": {"uv": [0, 0, 2.2, 0.4], "texture": "#0"}
			},
			"type": "cube"
		},
		{
			"name": "BackBlack",
			"from": [6.9, 6.5, -8.7],
			"to": [9.100000000000001, 7.9, -6.299999999999999],
			"faces": {
				"north": {"uv": [0, 0, 2.2, 1.4], "texture": "#0"},
				"east": {"uv": [0, 0, 2.4, 1.4], "texture": "#0"},
				"south": {"uv": [0, 0, 2.2, 1.4], "texture": "#0"},
				"west": {"uv": [0, 0, 2.4, 1.4], "texture": "#0"},
				"up": {"uv": [0, 0, 2.2, 2.4], "texture": "#0"},
				"down": {"uv": [0, 0, 2.2, 2.4], "texture": "#0"}
			},
			"type": "cube"
		},
		{
			"name": "BackBlack",
			"from": [6.9, 8.1, -8.7],
			"to": [
				9.100000000000001,
				8.799999999999999,
				-3.8999999999999995
			],
			"faces": {
				"north": {"uv": [0, 0, 2.2, 0.7], "texture": "#0"},
				"east": {"uv": [0, 0, 4.8, 0.7], "texture": "#0"},
				"south": {"uv": [0, 0, 2.2, 0.7], "texture": "#0"},
				"west": {"uv": [0, 0, 4.8, 0.7], "texture": "#0"},
				"up": {"uv": [0, 0, 2.2, 4.8], "texture": "#0"},
				"down": {"uv": [0, 0, 2.2, 4.8], "texture": "#0"}
			},
			"type": "cube"
		},
		{
			"name": "BackBlack",
			"from": [6.9, 12, -5.6],
			"to": [9.100000000000001, 13.7, -4.199999999999999],
			"faces": {
				"north": {"uv": [0, 0, 2.2, 1.7], "texture": "#0"},
				"east": {"uv": [0, 0, 1.4, 1.7], "texture": "#0"},
				"south": {"uv": [0, 0, 2.2, 1.7], "texture": "#0"},
				"west": {"uv": [0, 0, 1.4, 1.7], "texture": "#0"},
				"up": {"uv": [0, 0, 2.2, 1.4], "texture": "#0"},
				"down": {"uv": [0, 0, 2.2, 1.4], "texture": "#0"}
			},
			"rotation": {
				"origin": [8, 8, 8],
				"axis": "x",
				"angle": -22.5
			},
			"type": "cube"
		},
		{
			"name": "BackBlack",
			"from": [6.9, 16.4, -1.8],
			"to": [
				9.100000000000001,
				17.5,
				-0.40000000000000013
			],
			"faces": {
				"north": {"uv": [0, 0, 2.2, 1.1], "texture": "#0"},
				"east": {"uv": [0, 0, 1.4, 1.1], "texture": "#0"},
				"south": {"uv": [0, 0, 2.2, 1.1], "texture": "#0"},
				"west": {"uv": [0, 0, 1.4, 1.1], "texture": "#0"},
				"up": {"uv": [0, 0, 2.2, 1.4], "texture": "#0"},
				"down": {"uv": [0, 0, 2.2, 1.4], "texture": "#0"}
			},
			"rotation": {
				"origin": [8, 8, 8],
				"axis": "x",
				"angle": -45
			},
			"type": "cube"
		},
		{
			"name": "Trigger",
			"from": [7.6, 5.5, -0.20000000000000018],
			"to": [8.4, 6.6, 0.09999999999999981],
			"faces": {
				"north": {"uv": [0, 0, 0.8, 1.1], "texture": "#1"},
				"east": {"uv": [0, 0, 0.3, 1.1], "texture": "#1"},
				"south": {"uv": [0, 0, 0.8, 1.1], "texture": "#1"},
				"west": {"uv": [0, 0, 0.3, 1.1], "texture": "#1"},
				"up": {"uv": [0, 0, 0.8, 0.3], "texture": "#1"},
				"down": {"uv": [0, 0, 0.8, 0.3], "texture": "#1"}
			},
			"type": "cube"
		},
		{
			"name": "Trigger",
			"from": [7.6, 8.1, -0.5],
			"to": [8.4, 8.799999999999999, -0.2],
			"faces": {
				"north": {"uv": [0, 0, 0.8, 0.7], "texture": "#1"},
				"east": {"uv": [0, 0, 0.3, 0.7], "texture": "#1"},
				"south": {"uv": [0, 0, 0.8, 0.7], "texture": "#1"},
				"west": {"uv": [0, 0, 0.3, 0.7], "texture": "#1"},
				"up": {"uv": [0, 0, 0.8, 0.3], "texture": "#1"},
				"down": {"uv": [0, 0, 0.8, 0.3], "texture": "#1"}
			},
			"rotation": {
				"origin": [8, 8, 8],
				"axis": "x",
				"angle": -22.5
			},
			"type": "cube"
		},
		{
			"name": "Trigger",
			"from": [7.6, 11, 0.2],
			"to": [8.4, 11.4, 0.5],
			"faces": {
				"north": {"uv": [0, 0, 0.8, 0.4], "texture": "#1"},
				"east": {"uv": [0, 0, 0.3, 0.4], "texture": "#1"},
				"south": {"uv": [0, 0, 0.8, 0.4], "texture": "#1"},
				"west": {"uv": [0, 0, 0.3, 0.4], "texture": "#1"},
				"up": {"uv": [0, 0, 0.8, 0.3], "texture": "#1"},
				"down": {"uv": [0, 0, 0.8, 0.3], "texture": "#1"}
			},
			"rotation": {
				"origin": [8, 8, 8],
				"axis": "x",
				"angle": -45
			},
			"type": "cube"
		},
		{
			"name": "Trigger",
			"from": [7.6, 4.6, 0.4],
			"to": [8.4, 4.8999999999999995, 2],
			"faces": {
				"north": {"uv": [0, 0, 0.8, 0.3], "texture": "#1"},
				"east": {"uv": [0, 0, 1.6, 0.3], "texture": "#1"},
				"south": {"uv": [0, 0, 0.8, 0.3], "texture": "#1"},
				"west": {"uv": [0, 0, 1.6, 0.3], "texture": "#1"},
				"up": {"uv": [0, 0, 0.8, 1.6], "texture": "#1"},
				"down": {"uv": [0, 0, 0.8, 1.6], "texture": "#1"}
			},
			"type": "cube"
		},
		{
			"name": "Trigger",
			"from": [7.6, 7.2, 1.1],
			"to": [8.4, 7.5, 1.7000000000000002],
			"faces": {
				"north": {"uv": [0, 0, 0.8, 0.3], "texture": "#1"},
				"east": {"uv": [0, 0, 0.6, 0.3], "texture": "#1"},
				"south": {"uv": [0, 0, 0.8, 0.3], "texture": "#1"},
				"west": {"uv": [0, 0, 0.6, 0.3], "texture": "#1"},
				"up": {"uv": [0, 0, 0.8, 0.6], "texture": "#1"},
				"down": {"uv": [0, 0, 0.8, 0.6], "texture": "#1"}
			},
			"rotation": {
				"origin": [8, 8, 8],
				"axis": "x",
				"angle": -22.5
			},
			"type": "cube"
		},
		{
			"name": "Trigger",
			"from": [7.6, 3, 3.8],
			"to": [8.4, 3.7, 4.1],
			"faces": {
				"north": {"uv": [0, 0, 0.8, 0.7], "texture": "#1"},
				"east": {"uv": [0, 0, 0.3, 0.7], "texture": "#1"},
				"south": {"uv": [0, 0, 0.8, 0.7], "texture": "#1"},
				"west": {"uv": [0, 0, 0.3, 0.7], "texture": "#1"},
				"up": {"uv": [0, 0, 0.8, 0.3], "texture": "#1"},
				"down": {"uv": [0, 0, 0.8, 0.3], "texture": "#1"}
			},
			"rotation": {
				"origin": [8, 8, 8],
				"axis": "x",
				"angle": 22.5
			},
			"type": "cube"
		},
		{
			"name": "Trigger",
			"from": [7.6, 5.5, 2.8],
			"to": [8.4, 6.5, 2.5],
			"faces": {
				"north": {"uv": [0, 0, 0.8, 1], "texture": "#1"},
				"east": {"uv": [0, 0, -0.3, 1], "texture": "#1"},
				"south": {"uv": [0, 0, 0.8, 1], "texture": "#1"},
				"west": {"uv": [0, 0, -0.3, 1], "texture": "#1"},
				"up": {"uv": [0, 0, 0.8, -0.3], "texture": "#1"},
				"down": {"uv": [0, 0, 0.8, -0.3], "texture": "#1"}
			},
			"type": "cube"
		},
		{
			"name": "Trigger",
			"from": [7.6, 5.9, 1.1],
			"to": [8.4, 6.4, 1.3],
			"faces": {
				"north": {"uv": [0, 0, 0.8, 0.5], "texture": "#1"},
				"east": {"uv": [0, 0, 0.2, 0.5], "texture": "#1"},
				"south": {"uv": [0, 0, 0.8, 0.5], "texture": "#1"},
				"west": {"uv": [0, 0, 0.2, 0.5], "texture": "#1"},
				"up": {"uv": [0, 0, 0.8, 0.2], "texture": "#1"},
				"down": {"uv": [0, 0, 0.8, 0.2], "texture": "#1"}
			},
			"type": "cube"
		},
		{
			"name": "Trigger",
			"from": [7.6, 3, 2.4],
			"to": [8.4, 3.5, 2.6],
			"faces": {
				"north": {"uv": [0, 0, 0.8, 0.5], "texture": "#1"},
				"east": {"uv": [0, 0, 0.2, 0.5], "texture": "#1"},
				"south": {"uv": [0, 0, 0.8, 0.5], "texture": "#1"},
				"west": {"uv": [0, 0, 0.2, 0.5], "texture": "#1"},
				"up": {"uv": [0, 0, 0.8, 0.2], "texture": "#1"},
				"down": {"uv": [0, 0, 0.8, 0.2], "texture": "#1"}
			},
			"rotation": {
				"origin": [8, 8, 8],
				"axis": "x",
				"angle": 22.5
			},
			"type": "cube"
		},
		{
			"name": "Trigger",
			"from": [7.6, 5.3, 0.9],
			"to": [8.4, 5.5, 1.1],
			"faces": {
				"north": {"uv": [0, 0, 0.8, 0.2], "texture": "#1"},
				"east": {"uv": [0, 0, 0.2, 0.2], "texture": "#1"},
				"south": {"uv": [0, 0, 0.8, 0.2], "texture": "#1"},
				"west": {"uv": [0, 0, 0.2, 0.2], "texture": "#1"},
				"up": {"uv": [0, 0, 0.8, 0.2], "texture": "#1"},
				"down": {"uv": [0, 0, 0.8, 0.2], "texture": "#1"}
			},
			"type": "cube"
		},
		{
			"name": "Mag",
			"from": [7.2, 3.9000000000000004, 3.1],
			"to": [8.8, 8.4, 5.6],
			"faces": {
				"north": {"uv": [0, 0, 1.6, 3.5], "texture": "#0"},
				"east": {"uv": [0, 0, 2.5, 3.5], "texture": "#0"},
				"south": {"uv": [0, 0, 1.6, 3.5], "texture": "#0"},
				"west": {"uv": [0, 0, 2.5, 3.5], "texture": "#0"},
				"up": {"uv": [0, 0, 1.6, 2.5], "texture": "#0"},
				"down": {"uv": [0, 0, 1.6, 2.5], "texture": "#0"}
			},
			"rotation": {
				"origin": [8, 8, 8],
				"axis": "x",
				"angle": -22.5
			},
			"type": "cube"
		},
		{
			"name": "Barrel",
			"from": [7.5, 8.2, 5.1],
			"to": [8.5, 9.2, 19.799999999999997],
			"faces": {
				"north": {"uv": [0, 0, 1, 1], "texture": "#0"},
				"east": {"uv": [0, 0, 14.7, 1], "texture": "#0"},
				"south": {"uv": [0, 0, 1, 1], "texture": "#0"},
				"west": {"uv": [0, 0, 14.7, 1], "texture": "#0"},
				"up": {"uv": [0, 0, 1, 14.7], "texture": "#0"},
				"down": {"uv": [0, 0, 1, 14.7], "texture": "#0"}
			},
			"type": "cube"
		},
		{
			"name": "Front",
			"from": [7, 6.6, 10.4],
			"to": [9, 8.2, 19.799999999999997],
			"faces": {
				"north": {"uv": [0, 0, 2, 1.6], "texture": "#1"},
				"east": {
					"uv": [0, 0, 15.399999999999999, 1.8],
					"texture": "#1"
				},
				"south": {"uv": [0, 0, 2, 1.6], "texture": "#1"},
				"west": {
					"uv": [0, 0, 15.399999999999999, 1.8],
					"texture": "#1"
				},
				"up": {
					"uv": [0, 0, 2, 15.399999999999999],
					"texture": "#1"
				},
				"down": {
					"uv": [0, 0, 2, 15.399999999999999],
					"texture": "#1"
				}
			},
			"type": "cube"
		},
		{
			"name": "Barrel",
			"from": [7.7, 8.2, 19.8],
			"to": [8.3, 8.799999999999999, 31.9],
			"faces": {
				"north": {
					"uv": [0, 0, 0.6, 0.6000000000000001],
					"texture": "#0"
				},
				"east": {
					"uv": [0, 0, 12.1, 0.6000000000000001],
					"texture": "#0"
				},
				"south": {
					"uv": [0, 0, 0.6, 0.6000000000000001],
					"texture": "#0"
				},
				"west": {
					"uv": [0, 0, 12.1, 0.6000000000000001],
					"texture": "#0"
				},
				"up": {"uv": [0, 0, 0.6, 12.1], "texture": "#0"},
				"down": {"uv": [0, 0, 0.6, 12.1], "texture": "#0"}
			},
			"type": "cube"
		},
		{
			"name": "Barrel",
			"from": [7.7, 7.4, 19.8],
			"to": [8.3, 8, 23.3],
			"faces": {
				"north": {"uv": [0, 0, 0.6, 0.6], "texture": "#0"},
				"east": {"uv": [0, 0, 3.5, 0.6], "texture": "#0"},
				"south": {"uv": [0, 0, 0.6, 0.6], "texture": "#0"},
				"west": {"uv": [0, 0, 3.5, 0.6], "texture": "#0"},
				"up": {"uv": [0, 0, 0.6, 3.5], "texture": "#0"},
				"down": {"uv": [0, 0, 0.6, 3.5], "texture": "#0"}
			},
			"type": "cube"
		},
		{
			"name": "Barrel",
			"from": [7.6, 7.4, 19.8],
			"to": [8.4, 8.9, 20.6],
			"faces": {
				"north": {"uv": [0, 0, 0.8, 1.5], "texture": "#0"},
				"east": {"uv": [0, 0, 0.8, 1.5], "texture": "#0"},
				"south": {"uv": [0, 0, 0.8, 1.5], "texture": "#0"},
				"west": {"uv": [0, 0, 0.8, 1.5], "texture": "#0"},
				"up": {"uv": [0, 0, 0.8, 0.8], "texture": "#0"},
				"down": {"uv": [0, 0, 0.8, 0.8], "texture": "#0"}
			},
			"type": "cube"
		},
		{
			"name": "Barrel",
			"from": [7.6, 7.4, 21.8],
			"to": [8.4, 8.9, 22.6],
			"faces": {
				"north": {"uv": [0, 0, 0.8, 1.5], "texture": "#0"},
				"east": {"uv": [0, 0, 0.8, 1.5], "texture": "#0"},
				"south": {"uv": [0, 0, 0.8, 1.5], "texture": "#0"},
				"west": {"uv": [0, 0, 0.8, 1.5], "texture": "#0"},
				"up": {"uv": [0, 0, 0.8, 0.8], "texture": "#0"},
				"down": {"uv": [0, 0, 0.8, 0.8], "texture": "#0"}
			},
			"type": "cube"
		},
		{
			"name": "Barrel",
			"from": [7.8, 6.4, 18.7],
			"to": [8.2, 6.800000000000001, 22.2],
			"faces": {
				"north": {"uv": [0, 0, 0.4, 0.4], "texture": "#0"},
				"east": {"uv": [0, 0, 3.5, 0.4], "texture": "#0"},
				"south": {"uv": [0, 0, 0.4, 0.4], "texture": "#0"},
				"west": {"uv": [0, 0, 3.5, 0.4], "texture": "#0"},
				"up": {"uv": [0, 0, 0.4, 3.5], "texture": "#0"},
				"down": {"uv": [0, 0, 0.4, 3.5], "texture": "#0"}
			},
			"type": "cube"
		},
		{
			"name": "Barrel",
			"from": [7.8, 5.8, 17.8],
			"to": [8.2, 6.2, 26],
			"faces": {
				"north": {"uv": [0, 0, 0.4, 0.4], "texture": "#0"},
				"east": {"uv": [0, 0, 8.2, 0.4], "texture": "#0"},
				"south": {"uv": [0, 0, 0.4, 0.4], "texture": "#0"},
				"west": {"uv": [0, 0, 8.2, 0.4], "texture": "#0"},
				"up": {"uv": [0, 0, 0.4, 8.2], "texture": "#0"},
				"down": {"uv": [0, 0, 0.4, 8.2], "texture": "#0"}
			},
			"type": "cube"
		},
		{
			"name": "Barrel",
			"from": [7.8, 9.7, 15.9],
			"to": [8.2, 11.1, 17.9],
			"faces": {
				"north": {"uv": [0, 0, 0.4, 1.4], "texture": "#0"},
				"east": {"uv": [0, 0, 2, 1.4], "texture": "#0"},
				"south": {"uv": [0, 0, 0.4, 1.4], "texture": "#0"},
				"west": {"uv": [0, 0, 2, 1.4], "texture": "#0"},
				"up": {"uv": [0, 0, 0.4, 2], "texture": "#0"},
				"down": {"uv": [0, 0, 0.4, 2], "texture": "#0"}
			},
			"rotation": {
				"origin": [8, 8, 8],
				"axis": "x",
				"angle": 22.5
			},
			"type": "cube"
		},
		{
			"name": "Barrel",
			"from": [7.7, 8, 28.8],
			"to": [8.3, 9.6, 29.2],
			"faces": {
				"north": {"uv": [0, 0, 0.6, 1.6], "texture": "#0"},
				"east": {"uv": [0, 0, 0.4, 1.6], "texture": "#0"},
				"south": {"uv": [0, 0, 0.6, 1.6], "texture": "#0"},
				"west": {"uv": [0, 0, 0.4, 1.6], "texture": "#0"},
				"up": {"uv": [0, 0, 0.6, 0.4], "texture": "#0"},
				"down": {"uv": [0, 0, 0.6, 0.4], "texture": "#0"}
			},
			"type": "cube"
		},
		{
			"name": "Scope",
			"from": [7.5, 8.2, -0.9000000000000004],
			"to": [8.5, 8.899999999999999, 5.1],
			"faces": {
				"north": {"uv": [0, 0, 1, 0.7], "texture": "#0"},
				"east": {"uv": [0, 0, 6, 0.7], "texture": "#0"},
				"south": {"uv": [0, 0, 1, 0.7], "texture": "#0"},
				"west": {"uv": [0, 0, 6, 0.7], "texture": "#0"},
				"up": {"uv": [0, 0, 1, 6], "texture": "#0"},
				"down": {"uv": [0, 0, 1, 6], "texture": "#0"}
			},
			"type": "cube"
		},
		{
			"name": "Scope",
			"from": [7.3, 8.2, 1.4],
			"to": [8.7, 9.899999999999999, 6.4],
			"faces": {
				"north": {"uv": [0, 0, 1.4, 1.7], "texture": "#0"},
				"east": {"uv": [0, 0, 5, 1.7], "texture": "#0"},
				"south": {"uv": [0, 0, 1.4, 1.7], "texture": "#0"},
				"west": {"uv": [0, 0, 5, 1.7], "texture": "#0"},
				"up": {"uv": [0, 0, 1.4, 5], "texture": "#0"},
				"down": {"uv": [0, 0, 1.4, 5], "texture": "#0"}
			},
			"type": "cube"
		},
		{
			"name": "Scope",
			"from": [7.3, 9.9, 5.4],
			"to": [8.7, 11.200000000000001, 6.2],
			"faces": {
				"north": {"uv": [0, 0, 1.4, 1.3], "texture": "#0"},
				"east": {"uv": [0, 0, 0.8, 1.3], "texture": "#0"},
				"south": {"uv": [0, 0, 1.4, 1.3], "texture": "#0"},
				"west": {"uv": [0, 0, 0.8, 1.3], "texture": "#0"},
				"up": {"uv": [0, 0, 1.4, 0.8], "texture": "#0"},
				"down": {"uv": [0, 0, 1.4, 0.8], "texture": "#0"}
			},
			"type": "cube"
		},
		{
			"name": "Scope",
			"from": [7.3, 9.9, 1.5],
			"to": [8.7, 11.200000000000001, 2.3],
			"faces": {
				"north": {"uv": [0, 0, 1.4, 1.3], "texture": "#0"},
				"east": {"uv": [0, 0, 0.8, 1.3], "texture": "#0"},
				"south": {"uv": [0, 0, 1.4, 1.3], "texture": "#0"},
				"west": {"uv": [0, 0, 0.8, 1.3], "texture": "#0"},
				"up": {"uv": [0, 0, 1.4, 0.8], "texture": "#0"},
				"down": {"uv": [0, 0, 1.4, 0.8], "texture": "#0"}
			},
			"type": "cube"
		},
		{
			"name": "Scope",
			"from": [7.5, 10.9, 0.5],
			"to": [8.5, 11.9, 6.7],
			"faces": {
				"north": {"uv": [0, 0, 1, 1], "texture": "#0"},
				"east": {"uv": [0, 0, 6.2, 1], "texture": "#0"},
				"south": {"uv": [0, 0, 1, 1], "texture": "#0"},
				"west": {"uv": [0, 0, 6.2, 1], "texture": "#0"},
				"up": {"uv": [0, 0, 1, 6.2], "texture": "#0"},
				"down": {"uv": [0, 0, 1, 6.2], "texture": "#0"}
			},
			"type": "cube"
		},
		{
			"name": "Scope",
			"from": [7.4, 10.9, 2.7],
			"to": [8.8, 12.200000000000001, 3.9000000000000004],
			"faces": {
				"north": {"uv": [0, 0, 1.4, 1.3], "texture": "#0"},
				"east": {"uv": [0, 0, 1.2, 1.3], "texture": "#0"},
				"south": {"uv": [0, 0, 1.4, 1.3], "texture": "#0"},
				"west": {"uv": [0, 0, 1.2, 1.3], "texture": "#0"},
				"up": {"uv": [0, 0, 1.4, 1.2], "texture": "#0"},
				"down": {"uv": [0, 0, 1.4, 1.2], "texture": "#0"}
			},
			"type": "cube"
		},
		{
			"name": "ScopeBack",
			"from": [7.4, 10.8, 0],
			"to": [8.6, 12, 0.5],
			"faces": {
				"north": {"uv": [0, 0, 1.2, 1.2], "texture": "#0"},
				"east": {"uv": [0, 0, 0.5, 1.2], "texture": "#0"},
				"south": {"uv": [0, 0, 1.2, 1.2], "texture": "#0"},
				"west": {"uv": [0, 0, 0.5, 1.2], "texture": "#0"},
				"up": {"uv": [0, 0, 1.2, 0.5], "texture": "#0"},
				"down": {"uv": [0, 0, 1.2, 0.5], "texture": "#0"}
			},
			"type": "cube"
		},
		{
			"name": "ScopeBack",
			"from": [7.3, 10.7, -0.5],
			"to": [8.7, 12.1, 0],
			"faces": {
				"north": {"uv": [0, 0, 1.4, 1.4], "texture": "#0"},
				"east": {"uv": [0, 0, 0.5, 1.4], "texture": "#0"},
				"south": {"uv": [0, 0, 1.4, 1.4], "texture": "#0"},
				"west": {"uv": [0, 0, 0.5, 1.4], "texture": "#0"},
				"up": {"uv": [0, 0, 1.4, 0.5], "texture": "#0"},
				"down": {"uv": [0, 0, 1.4, 0.5], "texture": "#0"}
			},
			"type": "cube"
		},
		{
			"name": "ScopeBack",
			"from": [7.2, 10.6, -1],
			"to": [8.8, 12.2, -0.5],
			"faces": {
				"north": {"uv": [0, 0, 1.6, 1.6], "texture": "#0"},
				"east": {"uv": [0, 0, 0.5, 1.6], "texture": "#0"},
				"south": {"uv": [0, 0, 1.6, 1.6], "texture": "#0"},
				"west": {"uv": [0, 0, 0.5, 1.6], "texture": "#0"},
				"up": {"uv": [0, 0, 1.6, 0.5], "texture": "#0"},
				"down": {"uv": [0, 0, 1.6, 0.5], "texture": "#0"}
			},
			"type": "cube"
		},
		{
			"name": "ScopeBack",
			"from": [7.3, 10.7, -1.1],
			"to": [8.7, 12.1, -1],
			"faces": {
				"north": {
					"uv": [0, 0, 15.6, 15.6],
					"texture": "#2"
				},
				"east": {"uv": [0, 0, 0.1, 1.4], "texture": "#0"},
				"south": {"uv": [0, 0, 1.4, 1.4], "texture": "#0"},
				"west": {"uv": [0, 0, 0.1, 1.4], "texture": "#0"},
				"up": {"uv": [0, 0, 1.4, 0.1], "texture": "#0"},
				"down": {"uv": [0, 0, 1.4, 0.1], "texture": "#0"}
			},
			"type": "cube"
		},
		{
			"name": "ScopeFront",
			"from": [7.4, 10.8, 6.7],
			"to": [8.6, 12, 7.2],
			"faces": {
				"north": {"uv": [0, 0, 1.2, 1.2], "texture": "#0"},
				"east": {"uv": [0, 0, 0.5, 1.2], "texture": "#0"},
				"south": {"uv": [0, 0, 1.2, 1.2], "texture": "#0"},
				"west": {"uv": [0, 0, 0.5, 1.2], "texture": "#0"},
				"up": {"uv": [0, 0, 1.2, 0.5], "texture": "#0"},
				"down": {"uv": [0, 0, 1.2, 0.5], "texture": "#0"}
			},
			"type": "cube"
		},
		{
			"name": "ScopeFront",
			"from": [7.3, 10.7, 7.2],
			"to": [8.7, 12.1, 7.7],
			"faces": {
				"north": {"uv": [0, 0, 1.4, 1.4], "texture": "#0"},
				"east": {"uv": [0, 0, 0.5, 1.4], "texture": "#0"},
				"south": {"uv": [0, 0, 1.4, 1.4], "texture": "#0"},
				"west": {"uv": [0, 0, 0.5, 1.4], "texture": "#0"},
				"up": {"uv": [0, 0, 1.4, 0.5], "texture": "#0"},
				"down": {"uv": [0, 0, 1.4, 0.5], "texture": "#0"}
			},
			"type": "cube"
		},
		{
			"name": "ScopeFront",
			"from": [7.2, 10.6, 7.7],
			"to": [8.8, 12.2, 8.2],
			"faces": {
				"north": {"uv": [0, 0, 1.6, 1.6], "texture": "#0"},
				"east": {"uv": [0, 0, 0.5, 1.6], "texture": "#0"},
				"south": {"uv": [0, 0, 1.6, 1.6], "texture": "#0"},
				"west": {"uv": [0, 0, 0.5, 1.6], "texture": "#0"},
				"up": {"uv": [0, 0, 1.6, 0.5], "texture": "#0"},
				"down": {"uv": [0, 0, 1.6, 0.5], "texture": "#0"}
			},
			"type": "cube"
		},
		{
			"name": "ScopeFront",
			"from": [7.1, 10.5, 7.7],
			"to": [8.9, 12.3, 13.7],
			"faces": {
				"north": {"uv": [0, 0, 1.8, 1.8], "texture": "#0"},
				"east": {"uv": [0, 0, 6, 1.8], "texture": "#0"},
				"south": {"uv": [0, 0, 1.8, 1.8], "texture": "#0"},
				"west": {"uv": [0, 0, 6, 1.8], "texture": "#0"},
				"up": {"uv": [0, 0, 1.8, 6], "texture": "#0"},
				"down": {"uv": [0, 0, 1.8, 6], "texture": "#0"}
			},
			"type": "cube"
		},
		{
			"name": "ScopeFront",
			"from": [7.3, 10.7, 13.7],
			"to": [8.7, 12.1, 13.799999999999999],
			"faces": {
				"north": {
					"uv": [0, 0, 15.6, 15.6],
					"texture": "#0"
				},
				"east": {"uv": [0, 0, 0.1, 1.4], "texture": "#0"},
				"south": {
					"uv": [0, 0, 15.4, 15.4],
					"texture": "#2"
				},
				"west": {"uv": [0, 0, 0.1, 1.4], "texture": "#0"},
				"up": {"uv": [0, 0, 1.4, 0.1], "texture": "#0"},
				"down": {"uv": [0, 0, 1.4, 0.1], "texture": "#0"}
			},
			"type": "cube"
		},
		{
			"name": "ScopeFront",
			"from": [7.2, 12.3, 13.2],
			"to": [8.8, 12.5, 13.7],
			"faces": {
				"north": {"uv": [0, 0, 1.6, 0.2], "texture": "#0"},
				"east": {"uv": [0, 0, 0.5, 0.2], "texture": "#0"},
				"south": {"uv": [0, 0, 1.6, 0.2], "texture": "#0"},
				"west": {"uv": [0, 0, 0.5, 0.2], "texture": "#0"},
				"up": {"uv": [0, 0, 1.6, 0.5], "texture": "#0"},
				"down": {"uv": [0, 0, 1.6, 0.5], "texture": "#0"}
			},
			"type": "cube"
		},
		{
			"name": "ScopeBack",
			"from": [7.3, 12.2, -1],
			"to": [8.7, 12.399999999999999, -0.7],
			"faces": {
				"north": {"uv": [0, 0, 1.4, 0.2], "texture": "#0"},
				"east": {"uv": [0, 0, 0.3, 0.2], "texture": "#0"},
				"south": {"uv": [0, 0, 1.4, 0.2], "texture": "#0"},
				"west": {"uv": [0, 0, 0.3, 0.2], "texture": "#0"},
				"up": {"uv": [0, 0, 1.4, 0.3], "texture": "#0"},
				"down": {"uv": [0, 0, 1.4, 0.3], "texture": "#0"}
			},
			"type": "cube"
		},
		{
			"name": "ScopeBack",
			"from": [7.3, 8.6, -2],
			"to": [8.7, 9.8, -1.7],
			"faces": {
				"north": {
					"uv": [0, 0, 1.4, 1.2000000000000002],
					"texture": "#0"
				},
				"east": {
					"uv": [0, 0, 0.3, 1.2000000000000002],
					"texture": "#0"
				},
				"south": {
					"uv": [0, 0, 1.4, 1.2000000000000002],
					"texture": "#0"
				},
				"west": {
					"uv": [0, 0, 0.3, 1.2000000000000002],
					"texture": "#0"
				},
				"up": {"uv": [0, 0, 1.4, 0.3], "texture": "#0"},
				"down": {"uv": [0, 0, 1.4, 0.3], "texture": "#0"}
			},
			"rotation": {
				"origin": [8, 8, 8],
				"axis": "x",
				"angle": 22.5
			},
			"type": "cube"
		},
		{
			"name": "ScopeFront",
			"from": [7.2, 10, 14.7],
			"to": [8.8, 11.4, 15],
			"faces": {
				"north": {"uv": [0, 0, 1.6, 1.4], "texture": "#0"},
				"east": {"uv": [0, 0, 0.3, 1.4], "texture": "#0"},
				"south": {"uv": [0, 0, 1.6, 1.4], "texture": "#0"},
				"west": {"uv": [0, 0, 0.3, 1.4], "texture": "#0"},
				"up": {"uv": [0, 0, 1.6, 0.3], "texture": "#0"},
				"down": {"uv": [0, 0, 1.6, 0.3], "texture": "#0"}
			},
			"rotation": {
				"origin": [8, 8, 8],
				"axis": "x",
				"angle": -22.5
			},
			"type": "cube"
		}
	],
	"display": {
		"thirdperson_righthand": {
			"rotation": [180, 0, 180],
			"translation": [0, 1.1, -2],
			"scale": [0.6, 0.6, 0.6]
		},
		"ground": {
			"rotation": [0, 0, 0],
			"translation": [0, 0, 0],
			"scale": [0.6, 0.6, 0.6]
		},
		"fixed": {
			"rotation": [0, 90, 0],
			"translation": [0, 0, 0],
			"scale": [1, 1, 1]
		},
		"firstperson_righthand": {
			"rotation": [180, 22, 180],
			"translation": [5, 2, -5.5],
			"scale": [0.95, 0.95, 0.95]
		},
		"gui": {
			"rotation": [-30, -45, -20],
			"translation": [1.8, 0, 0],
			"scale": [0.6, 0.6, 0.6]
		}
	}
}