{
	"parent": "magic:base/lit",
	"credit": "Made with Blockbench, a free, modern block model editor by JannisX11",
	"textures": {
		"0": "block/mossy_cobblestone",
		"1": "block/mossy_cobblestone",
		"2": "block/iron_block",
		"particle": "block/mossy_cobblestone"
	},
	"elements": [
		{
			"name": "Back",
			"from": [7, 8, -9],
			"to": [9, 9.3, 3.4000000000000004],
			"faces": {
				"north": {"uv": [0, 0, 2, 1.3], "texture": "#0"},
				"east": {"uv": [0, 0, 12.4, 1.3], "texture": "#0"},
				"south": {"uv": [0, 0, 2, 1.3], "texture": "#0"},
				"west": {"uv": [0, 0, 12.4, 1.3], "texture": "#0"},
				"up": {"uv": [0, 0, 2, 12.4], "texture": "#0"},
				"down": {"uv": [0, 0, 2, 12.4], "texture": "#0"}
			},
			"rotation": {
				"origin": [8, 8, 8],
				"axis": "x",
				"angle": -22.5
			},
			"type": "cube"
		},
		{
			"name": "Back",
			"from": [7, 2.7, -8.2],
			"to": [9, 6.6, -5.699999999999999],
			"faces": {
				"north": {"uv": [0, 0, 2, 2.2], "texture": "#0"},
				"east": {"uv": [0, 0, 2.5, 2.2], "texture": "#0"},
				"south": {"uv": [0, 0, 2, 2.2], "texture": "#0"},
				"west": {"uv": [0, 0, 2.5, 2.2], "texture": "#0"},
				"up": {"uv": [0, 0, 2, 2.5], "texture": "#0"},
				"down": {"uv": [0, 0, 2, 2.5], "texture": "#0"}
			},
			"type": "cube"
		},
		{
			"name": "Back",
			"from": [7, 3.5, -5.800000000000001],
			"to": [9, 6.6, -2.9],
			"faces": {
				"north": {"uv": [0, 0, 2, 3.1], "texture": "#0"},
				"east": {"uv": [0, 0, 3.9, 3.1], "texture": "#0"},
				"south": {"uv": [0, 0, 2, 3.1], "texture": "#0"},
				"west": {"uv": [0, 0, 3.9, 3.1], "texture": "#0"},
				"up": {"uv": [0, 0, 2, 3.9], "texture": "#0"},
				"down": {"uv": [0, 0, 2, 3.9], "texture": "#0"}
			},
			"type": "cube"
		},
		{
			"name": "Back",
			"from": [7, 4.6, -2.9],
			"to": [9, 6.8, -0.10000000000000009],
			"faces": {
				"north": {"uv": [0, 0, 2, 2.2], "texture": "#0"},
				"east": {"uv": [0, 0, 2.8, 2.2], "texture": "#0"},
				"south": {"uv": [0, 0, 2, 2.2], "texture": "#0"},
				"west": {"uv": [0, 0, 2.8, 2.2], "texture": "#0"},
				"up": {"uv": [0, 0, 2, 2.8], "texture": "#0"},
				"down": {"uv": [0, 0, 2, 2.8], "texture": "#0"}
			},
			"type": "cube"
		},
		{
			"name": "Back",
			"from": [7, 0.1, 3.2],
			"to": [9, 1.5, 4.6],
			"faces": {
				"north": {"uv": [0, 0, 2, 1.4], "texture": "#0"},
				"east": {"uv": [0, 0, 1.4, 1.4], "texture": "#0"},
				"south": {"uv": [0, 0, 2, 1.4], "texture": "#0"},
				"west": {"uv": [0, 0, 1.4, 1.4], "texture": "#0"},
				"up": {"uv": [0, 0, 2, 1.4], "texture": "#0"},
				"down": {"uv": [0, 0, 2, 1.4], "texture": "#0"}
			},
			"rotation": {
				"origin": [8, 8, 8],
				"axis": "x",
				"angle": 45
			},
			"type": "cube"
		},
		{
			"name": "Frame",
			"from": [7, 8, 3.4],
			"to": [9, 9.3, 5.9],
			"faces": {
				"north": {"uv": [0, 0, 2, 1.3], "texture": "#1"},
				"east": {"uv": [0, 0, 3.5, 1.3], "texture": "#1"},
				"south": {"uv": [0, 0, 2, 1.3], "texture": "#1"},
				"west": {"uv": [0, 0, 3.5, 1.3], "texture": "#1"},
				"up": {"uv": [0, 0, 2, 3.5], "texture": "#1"},
				"down": {"uv": [0, 0, 2, 3.5], "texture": "#1"}
			},
			"rotation": {
				"origin": [8, 8, 8],
				"axis": "x",
				"angle": -22.5
			},
			"type": "cube"
		},
		{
			"name": "Frame",
			"from": [7, 6.6, 5.5],
			"to": [9, 8.4, 9.9],
			"faces": {
				"north": {"uv": [0, 0, 2, 1.8], "texture": "#1"},
				"east": {"uv": [0, 0, 4.4, 1.8], "texture": "#1"},
				"south": {"uv": [0, 0, 2, 1.8], "texture": "#1"},
				"west": {"uv": [0, 0, 4.4, 1.8], "texture": "#1"},
				"up": {"uv": [0, 0, 2, 4.4], "texture": "#1"},
				"down": {"uv": [0, 0, 2, 4.4], "texture": "#1"}
			},
			"type": "cube"
		},
		{
			"name": "Frame",
			"from": [7.5, 8.4, 9.7],
			"to": [8.5, 8.6, 9.899999999999999],
			"faces": {
				"north": {"uv": [0, 0, 1.8, 0.2], "texture": "#1"},
				"east": {
					"uv": [0, 0, 0.7999999999999998, 0.2],
					"texture": "#1"
				},
				"south": {"uv": [0, 0, 1.8, 0.2], "texture": "#1"},
				"west": {
					"uv": [0, 0, 0.7999999999999998, 0.2],
					"texture": "#1"
				},
				"up": {
					"uv": [0, 0, 1.8, 0.7999999999999998],
					"texture": "#1"
				},
				"down": {
					"uv": [0, 0, 1.8, 0.7999999999999998],
					"texture": "#1"
				}
			},
			"type": "cube"
		},
		{
			"name": "Barrel",
			"from": [7.5, 7.5, 9.9],
			"to": [8.5, 8.5, 28.5],
			"faces": {
				"north": {"uv": [0, 0, 0.8, 0.8], "texture": "#2"},
				"east": {
					"uv": [0, 0, 12.100000000000001, 0.8],
					"texture": "#2"
				},
				"south": {"uv": [0, 0, 0.8, 0.8], "texture": "#2"},
				"west": {
					"uv": [
						0,
						0,
						13.100000000000001,
						1.7999999999999998
					],
					"texture": "#2"
				},
				"up": {
					"uv": [0, 0, 0.8, 12.100000000000001],
					"texture": "#2"
				},
				"down": {
					"uv": [0, 0, 0.8, 13.100000000000001],
					"texture": "#2"
				}
			},
			"type": "cube"
		},
		{
			"name": "Frame",
			"from": [7, 6.6, 4.4],
			"to": [9, 7.1, 5.9],
			"faces": {
				"north": {"uv": [0, 0, 2, 1.3], "texture": "#1"},
				"east": {"uv": [0, 0, 3.5, 1.3], "texture": "#1"},
				"south": {"uv": [0, 0, 2, 1.3], "texture": "#1"},
				"west": {"uv": [0, 0, 3.5, 1.3], "texture": "#1"},
				"up": {"uv": [0, 0, 2, 3.5], "texture": "#1"},
				"down": {"uv": [0, 0, 2, 3.5], "texture": "#1"}
			},
			"type": "cube"
		},
		{
			"name": "Barrel",
			"from": [7.6, 6.6, 9.9],
			"to": [8.4, 7.3999999999999995, 25.5],
			"faces": {
				"north": {"uv": [0, 0, 0.8, 0.8], "texture": "#2"},
				"east": {
					"uv": [0, 0, 12.100000000000001, 0.8],
					"texture": "#2"
				},
				"south": {"uv": [0, 0, 0.8, 0.8], "texture": "#2"},
				"west": {
					"uv": [
						0,
						0,
						13.100000000000001,
						1.7999999999999998
					],
					"texture": "#2"
				},
				"up": {
					"uv": [0, 0, 0.8, 12.100000000000001],
					"texture": "#2"
				},
				"down": {
					"uv": [0, 0, 0.8, 13.100000000000001],
					"texture": "#2"
				}
			},
			"type": "cube"
		},
		{
			"name": "Barrel",
			"from": [7.299999999999999, 6.3, 14.9],
			"to": [8.7, 7.6, 21.5],
			"faces": {
				"north": {"uv": [0, 0, 0.8, 0.8], "texture": "#1"},
				"east": {
					"uv": [0, 0, 12.100000000000001, 0.8],
					"texture": "#1"
				},
				"south": {"uv": [0, 0, 0.8, 0.8], "texture": "#1"},
				"west": {
					"uv": [
						0,
						0,
						13.100000000000001,
						1.7999999999999998
					],
					"texture": "#1"
				},
				"up": {
					"uv": [0, 0, 0.8, 12.100000000000001],
					"texture": "#1"
				},
				"down": {
					"uv": [0, 0, 0.8, 13.100000000000001],
					"texture": "#1"
				}
			},
			"type": "cube"
		},
		{
			"name": "Barrel",
			"from": [7.3, -0.19999999999999996, 8],
			"to": [7.8, 1.3, 9.2],
			"faces": {
				"north": {"uv": [0, 0, 0.8, 0.8], "texture": "#2"},
				"east": {
					"uv": [0, 0, 12.100000000000001, 0.8],
					"texture": "#2"
				},
				"south": {"uv": [0, 0, 0.8, 0.8], "texture": "#2"},
				"west": {
					"uv": [
						0,
						0,
						13.100000000000001,
						1.7999999999999998
					],
					"texture": "#2"
				},
				"up": {
					"uv": [0, 0, 0.8, 12.100000000000001],
					"texture": "#2"
				},
				"down": {
					"uv": [0, 0, 0.8, 13.100000000000001],
					"texture": "#2"
				}
			},
			"rotation": {
				"origin": [
					7.8999999999999995,
					0.3999999999999979,
					-11
				],
				"axis": "x",
				"angle": -22.5
			},
			"type": "cube"
		},
		{
			"name": "Barrel",
			"from": [8.4, -0.19999999999999996, 8],
			"to": [8.9, 1.3, 9.2],
			"faces": {
				"north": {"uv": [0, 0, 0.8, 0.8], "texture": "#2"},
				"east": {
					"uv": [0, 0, 12.100000000000001, 0.8],
					"texture": "#2"
				},
				"south": {"uv": [0, 0, 0.8, 0.8], "texture": "#2"},
				"west": {
					"uv": [
						0,
						0,
						13.100000000000001,
						1.7999999999999998
					],
					"texture": "#2"
				},
				"up": {
					"uv": [0, 0, 0.8, 12.100000000000001],
					"texture": "#2"
				},
				"down": {
					"uv": [0, 0, 0.8, 13.100000000000001],
					"texture": "#2"
				}
			},
			"rotation": {
				"origin": [9, 0.3999999999999979, -11],
				"axis": "x",
				"angle": -22.5
			},
			"type": "cube"
		},
		{
			"name": "Barrel",
			"from": [7.800000000000001, 0.8, 29],
			"to": [8.3, 1.3, 30.2],
			"faces": {
				"north": {"uv": [0, 0, 0.8, 0.8], "texture": "#1"},
				"east": {
					"uv": [0, 0, 12.100000000000001, 0.8],
					"texture": "#1"
				},
				"south": {"uv": [0, 0, 0.8, 0.8], "texture": "#1"},
				"west": {
					"uv": [
						0,
						0,
						13.100000000000001,
						1.7999999999999998
					],
					"texture": "#1"
				},
				"up": {
					"uv": [0, 0, 0.8, 12.100000000000001],
					"texture": "#1"
				},
				"down": {
					"uv": [0, 0, 0.8, 13.100000000000001],
					"texture": "#1"
				}
			},
			"rotation": {
				"origin": [8.4, 0.3999999999999979, 10],
				"axis": "x",
				"angle": -22.5
			},
			"type": "cube"
		},
		{
			"name": "Barrel",
			"from": [7.4, 6.4, 25],
			"to": [8.6, 7.6000000000000005, 26.6],
			"faces": {
				"north": {"uv": [0, 0, 0.8, 0.8], "texture": "#1"},
				"east": {
					"uv": [0, 0, 12.100000000000001, 0.8],
					"texture": "#1"
				},
				"south": {"uv": [0, 0, 0.8, 0.8], "texture": "#1"},
				"west": {
					"uv": [
						0,
						0,
						13.100000000000001,
						1.7999999999999998
					],
					"texture": "#1"
				},
				"up": {
					"uv": [0, 0, 0.8, 12.100000000000001],
					"texture": "#1"
				},
				"down": {
					"uv": [0, 0, 0.8, 13.100000000000001],
					"texture": "#1"
				}
			},
			"type": "cube"
		},
		{
			"name": "Back",
			"from": [7, 0.5, 0.3000000000000007],
			"to": [9, 3.3000000000000007, 3.3000000000000007],
			"faces": {
				"north": {
					"uv": [0, 0, 2, 2.8000000000000007],
					"texture": "#0"
				},
				"east": {
					"uv": [0, 0, 3, 2.8000000000000007],
					"texture": "#0"
				},
				"south": {
					"uv": [0, 0, 2, 2.8000000000000007],
					"texture": "#0"
				},
				"west": {
					"uv": [0, 0, 3, 2.8000000000000007],
					"texture": "#0"
				},
				"up": {"uv": [0, 0, 2, 3], "texture": "#0"},
				"down": {"uv": [0, 0, 2, 3], "texture": "#0"}
			},
			"rotation": {
				"origin": [8, 8, 8],
				"axis": "x",
				"angle": 22.5
			},
			"type": "cube"
		},
		{
			"name": "Back",
			"from": [7, 0.5, 5],
			"to": [9, 3.3000000000000007, 6],
			"faces": {
				"north": {
					"uv": [0, 0, 2, 2.8000000000000007],
					"texture": "#0"
				},
				"east": {
					"uv": [0, 0, 1, 2.8000000000000007],
					"texture": "#0"
				},
				"south": {
					"uv": [0, 0, 2, 2.8000000000000007],
					"texture": "#0"
				},
				"west": {
					"uv": [0, 0, 1, 2.8000000000000007],
					"texture": "#0"
				},
				"up": {"uv": [0, 0, 2, 1], "texture": "#0"},
				"down": {"uv": [0, 0, 2, 1], "texture": "#0"}
			},
			"rotation": {
				"origin": [8, 8, 8],
				"axis": "x",
				"angle": 45
			},
			"type": "cube"
		},
		{
			"name": "Trigger",
			"from": [7.5, 6.1, 8.1],
			"to": [8.5, 7.1, 9.1],
			"faces": {
				"north": {"uv": [0, 0, 1, 1], "texture": "#0"},
				"east": {"uv": [0, 0, 1, 1], "texture": "#0"},
				"south": {"uv": [0, 0, 1, 1], "texture": "#0"},
				"west": {"uv": [0, 0, 1, 1], "texture": "#0"},
				"up": {"uv": [0, 0, 1, 1], "texture": "#0"},
				"down": {"uv": [0, 0, 1, 1], "texture": "#0"}
			},
			"rotation": {
				"origin": [8, 8, 8],
				"axis": "x",
				"angle": 45
			},
			"type": "cube"
		},
		{
			"name": "Trigger",
			"from": [7.5, 6.3, 5.6],
			"to": [8.5, 6.5, 6.6],
			"faces": {
				"north": {"uv": [0, 0, 1, 0.2], "texture": "#0"},
				"east": {"uv": [0, 0, 1, 0.2], "texture": "#0"},
				"south": {"uv": [0, 0, 1, 0.2], "texture": "#0"},
				"west": {"uv": [0, 0, 1, 0.2], "texture": "#0"},
				"up": {"uv": [0, 0, 1, 1], "texture": "#0"},
				"down": {"uv": [0, 0, 1, 1], "texture": "#0"}
			},
			"rotation": {
				"origin": [8, 8, 8],
				"axis": "x",
				"angle": -22.5
			},
			"type": "cube"
		},
		{
			"name": "Trigger",
			"from": [7.5, 5.5, 6],
			"to": [8.5, 5.7, 6.5],
			"faces": {
				"north": {"uv": [0, 0, 1, 0.2], "texture": "#0"},
				"east": {"uv": [0, 0, 0.5, 0.2], "texture": "#0"},
				"south": {"uv": [0, 0, 1, 0.2], "texture": "#0"},
				"west": {"uv": [0, 0, 0.5, 0.2], "texture": "#0"},
				"up": {"uv": [0, 0, 1, 0.5], "texture": "#0"},
				"down": {"uv": [0, 0, 1, 0.5], "texture": "#0"}
			},
			"type": "cube"
		},
		{
			"name": "Trigger",
			"from": [7.5, 4.9, 6.2],
			"to": [8.5, 5.1000000000000005, 7.1000000000000005],
			"faces": {
				"north": {"uv": [0, 0, 1, 0.2], "texture": "#0"},
				"east": {"uv": [0, 0, 0.9, 0.2], "texture": "#0"},
				"south": {"uv": [0, 0, 1, 0.2], "texture": "#0"},
				"west": {"uv": [0, 0, 0.9, 0.2], "texture": "#0"},
				"up": {"uv": [0, 0, 1, 0.9], "texture": "#0"},
				"down": {"uv": [0, 0, 1, 0.9], "texture": "#0"}
			},
			"rotation": {
				"origin": [8, 8, 8],
				"axis": "x",
				"angle": 22.5
			},
			"type": "cube"
		},
		{
			"name": "Trigger",
			"from": [7.5, 7.1, 4.5],
			"to": [8.5, 7.699999999999999, 4.7],
			"faces": {
				"north": {"uv": [0, 0, 1, 0.6], "texture": "#0"},
				"east": {"uv": [0, 0, 0.2, 0.6], "texture": "#0"},
				"south": {"uv": [0, 0, 1, 0.6], "texture": "#0"},
				"west": {"uv": [0, 0, 0.2, 0.6], "texture": "#0"},
				"up": {"uv": [0, 0, 1, 0.2], "texture": "#0"},
				"down": {"uv": [0, 0, 1, 0.2], "texture": "#0"}
			},
			"rotation": {
				"origin": [8, 8, 8],
				"axis": "x",
				"angle": -22.5
			},
			"type": "cube"
		},
		{
			"name": "Trigger",
			"from": [7.5, 8.9, 4.6],
			"to": [8.5, 9.700000000000001, 5.1],
			"faces": {
				"north": {"uv": [0, 0, 1, 0.8], "texture": "#0"},
				"east": {"uv": [0, 0, 0.5, 0.8], "texture": "#0"},
				"south": {"uv": [0, 0, 1, 0.8], "texture": "#0"},
				"west": {"uv": [0, 0, 0.5, 0.8], "texture": "#0"},
				"up": {"uv": [0, 0, 1, 0.5], "texture": "#0"},
				"down": {"uv": [0, 0, 1, 0.5], "texture": "#0"}
			},
			"rotation": {
				"origin": [8, 8, 8],
				"axis": "x",
				"angle": -45
			},
			"type": "cube"
		},
		{
			"name": "Trigger",
			"from": [7.5, 5.7, 7.8],
			"to": [8.5, 6.5, 8.1],
			"faces": {
				"north": {"uv": [0, 0, 1, 0.8], "texture": "#0"},
				"east": {"uv": [0, 0, 0.3, 0.8], "texture": "#0"},
				"south": {"uv": [0, 0, 1, 0.8], "texture": "#0"},
				"west": {"uv": [0, 0, 0.3, 0.8], "texture": "#0"},
				"up": {"uv": [0, 0, 1, 0.3], "texture": "#0"},
				"down": {"uv": [0, 0, 1, 0.3], "texture": "#0"}
			},
			"rotation": {
				"origin": [8, 8, 8],
				"axis": "x",
				"angle": 22.5
			},
			"type": "cube"
		},
		{
			"name": "Trigger",
			"from": [7.5, 5.3, 6.3],
			"to": [8.5, 6.1, 6.3999999999999995],
			"faces": {
				"north": {"uv": [0, 0, 1, 0.8], "texture": "#0"},
				"east": {"uv": [0, 0, 0.1, 0.8], "texture": "#0"},
				"south": {"uv": [0, 0, 1, 0.8], "texture": "#0"},
				"west": {"uv": [0, 0, 0.1, 0.8], "texture": "#0"},
				"up": {"uv": [0, 0, 1, 0.1], "texture": "#0"},
				"down": {"uv": [0, 0, 1, 0.1], "texture": "#0"}
			},
			"rotation": {
				"origin": [8, 8, 8],
				"axis": "x",
				"angle": 22.5
			},
			"type": "cube"
		},
		{
			"name": "Trigger",
			"from": [7.5, 6, 5.4],
			"to": [8.5, 6.2, 5.5],
			"faces": {
				"north": {"uv": [0, 0, 1, 0.2], "texture": "#0"},
				"east": {"uv": [0, 0, 0.1, 0.2], "texture": "#0"},
				"south": {"uv": [0, 0, 1, 0.2], "texture": "#0"},
				"west": {"uv": [0, 0, 0.1, 0.2], "texture": "#0"},
				"up": {"uv": [0, 0, 1, 0.1], "texture": "#0"},
				"down": {"uv": [0, 0, 1, 0.1], "texture": "#0"}
			},
			"type": "cube"
		}
	],
	"display": {
		"thirdperson_righthand": {
			"rotation": [180, 0, 180],
			"translation": [0, 2, -2],
			"scale": [0.7, 0.7, 0.7]
		},
		"ground": {
			"rotation": [0, 0, 0],
			"translation": [0, 0, 0],
			"scale": [0.6, 0.6, 0.6]
		},
		"fixed": {
			"rotation": [0, 90, 0],
			"translation": [0, 0, 0],
			"scale": [1, 1, 1]
		},
		"firstperson_righthand": {
			"rotation": [180, 0, 180],
			"translation": [0, 3, -8],
			"scale": [1, 1, 1]
		},
		"gui": {
			"rotation": [-30, -45, -20],
			"translation": [0, 0, 0],
			"scale": [0.6, 0.6, 0.6]
		}
	}
}