{
	"credit": "Made with Blockbench by Phantom",
	"texture_size": [32, 32],
	"textures": {
		"0": "magic:war/m4",
		"particle": "magic:war/m4"
	},
	"elements": [
		{
			"from": [8.15, 1.9, 4.2],
			"to": [8.25, 2.3, 4.4],
			"rotation": {"angle": -22.5, "axis": "z", "origin": [8.15, 1.9, 4.2]},
			"faces": {
				"north": {"uv": [3.5, 8.5, 3.625, 8.75], "texture": "#0"},
				"east": {"uv": [4, 8.5, 4.125, 8.75], "texture": "#0"},
				"south": {"uv": [4.5, 8.5, 4.625, 8.75], "texture": "#0"},
				"west": {"uv": [5, 8.5, 5.125, 8.75], "texture": "#0"},
				"up": {"uv": [8.625, 1.625, 8.5, 1.5], "texture": "#0"},
				"down": {"uv": [8.625, 2, 8.5, 2.125], "texture": "#0"}
			}
		},
		{
			"from": [7.6, -3, 10],
			"to": [8.4, -2, 12],
			"rotation": {"angle": 0, "axis": "x", "origin": [7.6, -2, 10]},
			"faces": {
				"north": {"uv": [7.016, 6.016, 7.375, 6.484], "texture": "#0"},
				"east": {"uv": [6.016, 3.016, 6.984, 3.484], "texture": "#0"},
				"south": {"uv": [7.516, 7.516, 7.875, 7.984], "texture": "#0"},
				"west": {"uv": [3.516, 6.516, 4.484, 6.984], "texture": "#0"},
				"up": {"uv": [7.375, 0.984, 7.016, 0.016], "texture": "#0"},
				"down": {"uv": [7.375, 1.016, 7.016, 1.984], "texture": "#0"}
			}
		},
		{
			"from": [7.70002, -1.5, 18.999],
			"to": [8.30003, -1, 19.499],
			"rotation": {"angle": 0, "axis": "z", "origin": [8.20002, 0.5, 17.5]},
			"faces": {
				"north": {"uv": [8, 6.5, 8.25, 6.75], "texture": "#0"},
				"east": {"uv": [8, 7, 8.25, 7.25], "texture": "#0"},
				"south": {"uv": [8, 7.5, 8.25, 7.75], "texture": "#0"},
				"west": {"uv": [1, 8.5, 1.25, 8.75], "texture": "#0"},
				"up": {"uv": [1.75, 8.75, 1.5, 8.5], "texture": "#0"},
				"down": {"uv": [2.75, 8.5, 2.5, 8.75], "texture": "#0"}
			}
		},
		{
			"from": [7.7501, 1, 14.2],
			"to": [8.2499, 1.5, 14.7],
			"rotation": {"angle": -22.5, "axis": "x", "origin": [8, 1.25, 14.55]},
			"faces": {
				"north": {"uv": [8, 2.5, 8.25, 2.75], "texture": "#0"},
				"east": {"uv": [8, 3, 8.25, 3.25], "texture": "#0"},
				"south": {"uv": [8, 3.5, 8.25, 3.75], "texture": "#0"},
				"west": {"uv": [8, 5, 8.25, 5.25], "texture": "#0"},
				"up": {"uv": [8.25, 5.75, 8, 5.5], "texture": "#0"},
				"down": {"uv": [8.25, 6, 8, 6.25], "texture": "#0"}
			}
		},
		{
			"from": [7.75, 1, 14.6],
			"to": [8.25, 2.1, 14.8],
			"rotation": {"angle": 0, "axis": "y", "origin": [8, 1.21322, 4.86645]},
			"faces": {
				"north": {"uv": [7.5, 6, 7.75, 6.5], "texture": "#0"},
				"east": {"uv": [8, 1.5, 8.125, 2], "texture": "#0"},
				"south": {"uv": [7.5, 6.5, 7.75, 7], "texture": "#0"},
				"west": {"uv": [8, 2, 8.125, 2.5], "texture": "#0"},
				"up": {"uv": [8.75, 0.625, 8.5, 0.5], "texture": "#0"},
				"down": {"uv": [8.75, 1, 8.5, 1.125], "texture": "#0"}
			}
		},
		{
			"from": [7.75, 1.9, 4.2],
			"to": [7.85, 2.3, 4.4],
			"rotation": {"angle": 22.5, "axis": "z", "origin": [7.85, 1.9, 4.2]},
			"faces": {
				"north": {"uv": [7.5, 8.5, 7.625, 8.75], "texture": "#0"},
				"east": {"uv": [8, 8.5, 8.125, 8.75], "texture": "#0"},
				"south": {"uv": [8.5, 8.5, 8.625, 8.75], "texture": "#0"},
				"west": {"uv": [8.5, 0, 8.625, 0.25], "texture": "#0"},
				"up": {"uv": [8.625, 5.625, 8.5, 5.5], "texture": "#0"},
				"down": {"uv": [8.625, 6, 8.5, 6.125], "texture": "#0"}
			}
		},
		{
			"from": [7.95, 1.9, 4.25],
			"to": [8.05, 2.1, 4.35],
			"rotation": {"angle": 0, "axis": "y", "origin": [8, 1.71322, 4.76645]},
			"faces": {
				"north": {"uv": [8.5, 2.5, 8.625, 2.625], "texture": "#0"},
				"east": {"uv": [8.5, 3, 8.625, 3.125], "texture": "#0"},
				"south": {"uv": [8.5, 3.5, 8.625, 3.625], "texture": "#0"},
				"west": {"uv": [8.5, 4, 8.625, 4.125], "texture": "#0"},
				"up": {"uv": [8.625, 4.625, 8.5, 4.5], "texture": "#0"},
				"down": {"uv": [8.625, 5, 8.5, 5.125], "texture": "#0"}
			}
		},
		{
			"from": [7.70002, -1, 18.199],
			"to": [8.30003, 0, 19.999],
			"rotation": {"angle": 0, "axis": "z", "origin": [8.20002, 0.5, 17.5]},
			"faces": {
				"north": {"uv": [7.5, 5, 7.75, 5.5], "texture": "#0"},
				"east": {"uv": [5.5, 6.5, 6.375, 7], "texture": "#0"},
				"south": {"uv": [7.5, 5.5, 7.75, 6], "texture": "#0"},
				"west": {"uv": [6.5, 6.5, 7.375, 7], "texture": "#0"},
				"up": {"uv": [1.25, 8.375, 1, 7.5], "texture": "#0"},
				"down": {"uv": [1.75, 7.5, 1.5, 8.375], "texture": "#0"}
			}
		},
		{
			"from": [7.7, 0, 14.999],
			"to": [8.3, 0.4, 19.999],
			"rotation": {"angle": 0, "axis": "z", "origin": [8.2, 0.5, 17.5]},
			"faces": {
				"north": {"uv": [8, 0.5, 8.25, 0.75], "texture": "#0"},
				"east": {"uv": [4.5, 0, 7, 0.25], "texture": "#0"},
				"south": {"uv": [8, 1, 8.25, 1.25], "texture": "#0"},
				"west": {"uv": [4.5, 0.5, 7, 0.75], "texture": "#0"},
				"up": {"uv": [0.75, 8, 0.5, 5.5], "texture": "#0"},
				"down": {"uv": [2.25, 5.5, 2, 8], "texture": "#0"}
			}
		},
		{
			"from": [7.69992, -2.3, 16.199],
			"to": [8.29992, -1.6, 19.499],
			"rotation": {"angle": 45, "axis": "x", "origin": [7.70002, -2.3, 19.499]},
			"faces": {
				"north": {"uv": [7.5, 7, 7.75, 7.375], "texture": "#0"},
				"east": {"uv": [4.5, 4, 6.125, 4.375], "texture": "#0"},
				"south": {"uv": [3.5, 8, 3.75, 8.375], "texture": "#0"},
				"west": {"uv": [5, 2.5, 6.625, 2.875], "texture": "#0"},
				"up": {"uv": [4.75, 8.125, 4.5, 6.5], "texture": "#0"},
				"down": {"uv": [6.75, 3.5, 6.5, 5.125], "texture": "#0"}
			}
		},
		{
			"from": [7.70002, -2.3, 19.499],
			"to": [8.30003, -1, 19.999],
			"rotation": {"angle": 0, "axis": "z", "origin": [8.20002, 0.5, 17.5]},
			"faces": {
				"north": {"uv": [7.5, 0, 7.75, 0.625], "texture": "#0"},
				"east": {"uv": [7.5, 1, 7.75, 1.625], "texture": "#0"},
				"south": {"uv": [7.5, 2, 7.75, 2.625], "texture": "#0"},
				"west": {"uv": [7.5, 3, 7.75, 3.625], "texture": "#0"},
				"up": {"uv": [8.25, 8.25, 8, 8], "texture": "#0"},
				"down": {"uv": [8.25, 0, 8, 0.25], "texture": "#0"}
			}
		},
		{
			"from": [7.7, 0.2, 15],
			"to": [8.3, 0.8, 20],
			"rotation": {"angle": -45, "axis": "z", "origin": [8, 0.5, 17.5]},
			"faces": {
				"north": {"uv": [7, 8, 7.25, 8.25], "texture": "#0"},
				"east": {"uv": [3.5, 2, 6, 2.25], "texture": "#0"},
				"south": {"uv": [7.5, 8, 7.75, 8.25], "texture": "#0"},
				"west": {"uv": [4, 3.5, 6.5, 3.75], "texture": "#0"},
				"up": {"uv": [5.25, 7.5, 5, 5], "texture": "#0"},
				"down": {"uv": [0.25, 5.5, 0, 8], "texture": "#0"}
			}
		},
		{
			"from": [7.55, -2, 9.95],
			"to": [8.45, -1.8, 12.05],
			"rotation": {"angle": 0, "axis": "x", "origin": [7.5, -1, 10]},
			"faces": {
				"north": {"uv": [6, 8, 6.5, 8.125], "texture": "#0"},
				"east": {"uv": [7.5, 4, 8.5, 4.125], "texture": "#0"},
				"south": {"uv": [6.5, 8, 7, 8.125], "texture": "#0"},
				"west": {"uv": [7.5, 4.5, 8.5, 4.625], "texture": "#0"},
				"up": {"uv": [3, 6.5, 2.5, 5.5], "texture": "#0"},
				"down": {"uv": [3, 6.5, 2.5, 7.5], "texture": "#0"}
			}
		},
		{
			"from": [8, -2, 12],
			"to": [8, -1, 14],
			"rotation": {"angle": 0, "axis": "x", "origin": [8, -1, 10]},
			"faces": {
				"north": {"uv": [0, 0, 0, 0.5], "texture": "#0"},
				"east": {"uv": [7, 2, 6, 2.5], "texture": "#0"},
				"south": {"uv": [0, 0, 0, 0.5], "texture": "#0"},
				"west": {"uv": [6, 2, 7, 2.5], "texture": "#0"},
				"up": {"uv": [0, 1, 0, 0], "texture": "#0"},
				"down": {"uv": [0, 0, 0, 1], "texture": "#0"}
			}
		},
		{
			"from": [7.6, -2, 10],
			"to": [8.4, -1, 12],
			"rotation": {"angle": 0, "axis": "x", "origin": [7.6, -2, 10]},
			"faces": {
				"north": {"uv": [2, 3, 2.375, 3.5], "texture": "#0"},
				"east": {"uv": [5, 3, 6, 3.5], "texture": "#0"},
				"south": {"uv": [5, 4.5, 5.375, 5], "texture": "#0"},
				"west": {"uv": [6, 1, 7, 1.5], "texture": "#0"},
				"up": {"uv": [6.875, 8, 6.5, 7], "texture": "#0"},
				"down": {"uv": [7.375, 7, 7, 8], "texture": "#0"}
			}
		},
		{
			"from": [7.5999, -5.0426, 9.91142],
			"to": [8.4001, -2.9426, 12.01142],
			"rotation": {"angle": 22.5, "axis": "x", "origin": [7.6, -2.9426, 11.86142]},
			"faces": {
				"north": {"uv": [3.516, 7.016, 3.875, 7.984], "texture": "#0"},
				"east": {"uv": [3.016, 3.516, 3.984, 4.484], "texture": "#0"},
				"south": {"uv": [4.016, 7.016, 4.375, 7.984], "texture": "#0"},
				"west": {"uv": [3.516, 0.016, 4.484, 0.984], "texture": "#0"},
				"up": {"uv": [5.875, 7.984, 5.516, 7.016], "texture": "#0"},
				"down": {"uv": [6.375, 7.016, 6.016, 7.984], "texture": "#0"}
			}
		},
		{
			"from": [7.6001, -4.5, 13.5],
			"to": [8.4001, -1, 14.9],
			"rotation": {"angle": -22.5, "axis": "x", "origin": [7.6, -1, 13.5]},
			"faces": {
				"north": {"uv": [3.5, 4.5, 3.875, 6.25], "texture": "#0"},
				"east": {"uv": [1, 3, 1.75, 4.75], "texture": "#0"},
				"south": {"uv": [4.5, 4.5, 4.875, 6.25], "texture": "#0"},
				"west": {"uv": [2, 3.5, 2.75, 5.25], "texture": "#0"},
				"up": {"uv": [7.375, 2.75, 7, 2], "texture": "#0"},
				"down": {"uv": [7.375, 3, 7, 3.75], "texture": "#0"}
			}
		},
		{
			"from": [7.6, -1, 10],
			"to": [8.4, 1, 15],
			"rotation": {"angle": 0, "axis": "y", "origin": [8.1, 0, 0]},
			"faces": {
				"north": {"uv": [6.5, 5.5, 6.875, 6.5], "texture": "#0"},
				"east": {"uv": [0, 0, 2.5, 1], "texture": "#0"},
				"south": {"uv": [3, 7, 3.375, 8], "texture": "#0"},
				"west": {"uv": [0, 1, 2.5, 2], "texture": "#0"},
				"up": {"uv": [4.375, 6.5, 4, 4], "texture": "#0"},
				"down": {"uv": [3.375, 4.5, 3, 7], "texture": "#0"}
			}
		},
		{
			"from": [7.7501, 0.4294, 4.85056],
			"to": [8.2499, 2.1294, 5.05056],
			"rotation": {"angle": -22.5, "axis": "x", "origin": [7.7501, 0.4294, 5.05056]},
			"faces": {
				"north": {"uv": [7, 4, 7.25, 4.875], "texture": "#0"},
				"east": {"uv": [0, 8, 0.125, 8.875], "texture": "#0"},
				"south": {"uv": [7, 5, 7.25, 5.875], "texture": "#0"},
				"west": {"uv": [0.5, 8, 0.625, 8.875], "texture": "#0"},
				"up": {"uv": [6.75, 8.625, 6.5, 8.5], "texture": "#0"},
				"down": {"uv": [7.25, 8.5, 7, 8.625], "texture": "#0"}
			}
		},
		{
			"from": [7.75, 0.5, 4.2],
			"to": [8.25, 2, 4.4],
			"rotation": {"angle": 0, "axis": "y", "origin": [8, 1.21322, 4.86645]},
			"faces": {
				"north": {"uv": [2.5, 7.5, 2.75, 8.25], "texture": "#0"},
				"east": {"uv": [2, 8, 2.125, 8.75], "texture": "#0"},
				"south": {"uv": [5, 7.5, 5.25, 8.25], "texture": "#0"},
				"west": {"uv": [3, 8, 3.125, 8.75], "texture": "#0"},
				"up": {"uv": [5.75, 8.625, 5.5, 8.5], "texture": "#0"},
				"down": {"uv": [6.25, 8.5, 6, 8.625], "texture": "#0"}
			}
		},
		{
			"from": [7.25, -0.5, 5],
			"to": [8.75, 1, 10],
			"rotation": {"angle": -45, "axis": "z", "origin": [8, 0.25, 7.5]},
			"faces": {
				"north": {"uv": [5.5, 5.5, 6.25, 6.25], "texture": "#0"},
				"east": {"uv": [0, 2, 2.5, 2.75], "texture": "#0"},
				"south": {"uv": [5.5, 4.5, 6.25, 5.25], "texture": "#0"},
				"west": {"uv": [2.5, 2.5, 5, 3.25], "texture": "#0"},
				"up": {"uv": [3.25, 2.5, 2.5, 0], "texture": "#0"},
				"down": {"uv": [0.75, 3, 0, 5.5], "texture": "#0"}
			}
		},
		{
			"from": [7.75, 0, 0],
			"to": [8.25, 0.5, 5],
			"rotation": {"angle": 0, "axis": "y", "origin": [7.75, 0, 0]},
			"faces": {
				"north": {"uv": [4, 8, 4.25, 8.25], "texture": "#0"},
				"east": {"uv": [3.5, 1, 6, 1.25], "texture": "#0"},
				"south": {"uv": [5.5, 8, 5.75, 8.25], "texture": "#0"},
				"west": {"uv": [3.5, 1.5, 6, 1.75], "texture": "#0"},
				"up": {"uv": [1.25, 7.5, 1, 5], "texture": "#0"},
				"down": {"uv": [1.75, 5, 1.5, 7.5], "texture": "#0"}
			}
		},
		{
			"from": [7.35, 0.7999, 14.7],
			"to": [8.65, 0.9999, 15.1],
			"faces": {
				"north": {"uv": [4.125, 7.375, 4.25, 8], "texture": "#0"},
				"east": {"uv": [4.125, 7.75, 4.375, 7.875], "texture": "#0"},
				"south": {"uv": [4.125, 7.375, 4.25, 8], "texture": "#0"},
				"west": {"uv": [4.125, 7.75, 4.375, 7.875], "texture": "#0"},
				"up": {"uv": [0, 0, 0.2, 0.65], "rotation": 90, "texture": "#0"},
				"down": {"uv": [0, 0, 0.65, 0.2], "texture": "#0"}
			}
		},
		{
			"from": [8.2, 0.2, 13.8],
			"to": [8.5, 0.5, 14.9],
			"rotation": {"angle": 22.5, "axis": "y", "origin": [8.2, 0.5, 14]},
			"faces": {
				"north": {"uv": [4.125, 7.625, 4.25, 7.75], "texture": "#0"},
				"east": {"uv": [4.125, 7.5, 4.25, 8], "rotation": 90, "texture": "#0"},
				"south": {"uv": [4.125, 7.625, 4.25, 7.75], "texture": "#0"},
				"west": {"uv": [4.125, 7.5, 4.25, 8], "texture": "#0"},
				"up": {"uv": [4.125, 7.5, 4.275, 7.95], "rotation": 180, "texture": "#0"},
				"down": {"uv": [4.125, 7.5, 4.275, 7.95], "texture": "#0"}
			}
		}
	],
	"display": {
		"thirdperson_righthand": {
			"translation": [0, 13.5, -7],
			"scale": [1.5, 1.5, 1.5]
		},
		"thirdperson_lefthand": {
			"translation": [0, 13.5, -7.5],
			"scale": [1.5, 1.5, 1.5]
		},
		"firstperson_righthand": {
			"translation": [-3.25, 12, 0.25]
		},
		"firstperson_lefthand": {
			"translation": [-3.25, 12, 0.25]
		},
		"ground": {
			"rotation": [0, 0, -90],
			"translation": [8.5, 0, -3.5]
		},
		"gui": {
			"rotation": [0, 90, 0],
			"translation": [-1.5, 7, 0],
			"scale": [0.75, 0.75, 0.75]
		},
		"fixed": {
			"rotation": [0, -90, 0],
			"translation": [2, 8, 0]
		}
	}
}