{
	"credit": "Made with Blockbench, by RealFlamegirl. Do not take this out of the Magic resource pack and/or redistribute without permission. Discord is flame#0464",
	"textures": {
		"0": "magic:war/mp5",
		"particle": "magic:war/mp5"
	},
	"elements": [
		{
			"from": [7, 7.78984, 0.59428],
			"to": [9, 9.78984, 13.59428],
			"rotation": {"angle": 0, "axis": "y", "origin": [8, 7.78984, 9.59428]},
			"faces": {
				"north": {"uv": [13, 2, 15, 4], "texture": "#0"},
				"east": {"uv": [0, 0, 13, 2], "texture": "#0"},
				"south": {"uv": [13, 0, 15, 2], "texture": "#0"},
				"west": {"uv": [13, 0, 0, 2], "texture": "#0"},
				"up": {"uv": [0, 2, 13, 4], "rotation": 90, "texture": "#0"},
				"down": {"uv": [0, 4, 13, 6], "rotation": 90, "texture": "#0"}
			}
		},
		{
			"from": [7.497, 5.78684, 6.09128],
			"to": [8.503, 7.79284, 12.09728],
			"rotation": {"angle": 0, "axis": "y", "origin": [7.5, 5.78984, 8.09428]},
			"faces": {
				"north": {"uv": [0, 0, 1, 2], "texture": "#0"},
				"east": {"uv": [0, 8, 6, 10], "texture": "#0"},
				"south": {"uv": [6, 8, 7, 10], "texture": "#0"},
				"west": {"uv": [6, 8, 0, 10], "texture": "#0"},
				"up": {"uv": [0, 0, 1, 6], "texture": "#0"},
				"down": {"uv": [7, 8, 13, 9], "rotation": 90, "texture": "#0"}
			}
		},
		{
			"from": [8, 3.78984, 5.09428],
			"to": [8, 5.78984, 12.09428],
			"rotation": {"angle": 0, "axis": "y", "origin": [7, 3.78984, 8.09428]},
			"faces": {
				"north": {"uv": [0, 0, 0, 2], "texture": "#0"},
				"east": {"uv": [9, 14, 16, 16], "texture": "#0"},
				"south": {"uv": [0, 0, 0, 2], "texture": "#0"},
				"west": {"uv": [16, 14, 9, 16], "texture": "#0"},
				"up": {"uv": [0, 0, 0, 7], "texture": "#0"},
				"down": {"uv": [0, 0, 0, 7], "texture": "#0"}
			}
		},
		{
			"from": [7.5, 9.78984, 0.59428],
			"to": [8.5, 10.78984, 13.59428],
			"rotation": {"angle": 0, "axis": "y", "origin": [7.5, 7.78984, 9.59428]},
			"faces": {
				"north": {"uv": [0, 0, 1, 1], "texture": "#0"},
				"east": {"uv": [0, 6, 13, 7], "texture": "#0"},
				"south": {"uv": [15, 6, 16, 7], "texture": "#0"},
				"west": {"uv": [13, 6, 0, 7], "texture": "#0"},
				"up": {"uv": [0, 7, 13, 8], "rotation": 90, "texture": "#0"},
				"down": {"uv": [0, 0, 1, 13], "texture": "#0"}
			}
		},
		{
			"from": [7.5, 8.78984, 13.59428],
			"to": [8.5, 9.78984, 14.59428],
			"rotation": {"angle": 0, "axis": "y", "origin": [7.5, 7.78984, 9.59428]},
			"faces": {
				"north": {"uv": [0, 0, 1, 1], "texture": "#0"},
				"east": {"uv": [12, 10, 13, 11], "texture": "#0"},
				"south": {"uv": [0, 0, 1, 1], "texture": "#0"},
				"west": {"uv": [12, 10, 13, 11], "texture": "#0"},
				"up": {"uv": [11, 11, 12, 12], "texture": "#0"},
				"down": {"uv": [12, 11, 13, 12], "texture": "#0"}
			}
		},
		{
			"from": [7.5, 5.78984, 14.59428],
			"to": [8.5, 9.78984, 15.59428],
			"rotation": {"angle": 0, "axis": "x", "origin": [8, 6.28984, 17.09428]},
			"faces": {
				"north": {"uv": [3, 12, 4, 16], "rotation": 180, "texture": "#0"},
				"east": {"uv": [15, 0, 16, 4], "texture": "#0"},
				"south": {"uv": [2, 12, 3, 16], "texture": "#0"},
				"west": {"uv": [16, 0, 15, 4], "texture": "#0"},
				"up": {"uv": [15, 5, 16, 6], "rotation": 180, "texture": "#0"},
				"down": {"uv": [15, 4, 16, 5], "texture": "#0"}
			}
		},
		{
			"from": [7.5, 8.28984, -1.40572],
			"to": [8.5, 9.28984, 0.59428],
			"rotation": {"angle": 0, "axis": "y", "origin": [8, 8.78984, 2.09428]},
			"faces": {
				"north": {"uv": [13, 7, 14, 8], "texture": "#0"},
				"east": {"uv": [13, 4, 15, 5], "texture": "#0"},
				"south": {"uv": [0, 0, 1, 1], "texture": "#0"},
				"west": {"uv": [15, 4, 13, 5], "texture": "#0"},
				"up": {"uv": [13, 5, 14, 7], "texture": "#0"},
				"down": {"uv": [14, 5, 15, 7], "texture": "#0"}
			}
		},
		{
			"from": [7.5, 2.40715, 5.59316],
			"to": [8.5, 8.40715, 6.59316],
			"rotation": {"angle": 22.5, "axis": "x", "origin": [8, 6.90715, 7.09316]},
			"faces": {
				"north": {"uv": [5, 10, 11, 11], "rotation": 90, "texture": "#0"},
				"east": {"uv": [7, 9, 13, 10], "rotation": 90, "texture": "#0"},
				"south": {"uv": [5, 11, 11, 12], "rotation": 90, "texture": "#0"},
				"west": {"uv": [7, 9, 13, 10], "rotation": 90, "texture": "#0"},
				"up": {"uv": [0, 0, 1, 1], "texture": "#0"},
				"down": {"uv": [11, 10, 12, 11], "rotation": 180, "texture": "#0"}
			}
		},
		{
			"from": [7.5, 2.98431, 9.55832],
			"to": [8.5, 6.98431, 11.55832],
			"rotation": {"angle": -22.5, "axis": "x", "origin": [8, 7.48431, 11.05832]},
			"faces": {
				"north": {"uv": [1, 12, 2, 16], "rotation": 180, "texture": "#0"},
				"east": {"uv": [4, 12, 0, 10], "rotation": 90, "texture": "#0"},
				"south": {"uv": [0, 12, 1, 16], "texture": "#0"},
				"west": {"uv": [4, 10, 0, 12], "rotation": 90, "texture": "#0"},
				"up": {"uv": [0, 0, 1, 2], "texture": "#0"},
				"down": {"uv": [4, 10, 5, 12], "rotation": 180, "texture": "#0"}
			}
		},
		{
			"from": [7.5, 9.28984, -0.40572],
			"to": [8.5, 12.28984, 0.59428],
			"rotation": {"angle": 0, "axis": "y", "origin": [7.5, 7.28984, 2.09428]},
			"faces": {
				"north": {"uv": [14, 8, 15, 11], "texture": "#0"},
				"east": {"uv": [13, 8, 14, 11], "texture": "#0"},
				"south": {"uv": [15, 8, 16, 11], "texture": "#0"},
				"west": {"uv": [13, 8, 14, 11], "texture": "#0"},
				"up": {"uv": [14, 7, 15, 8], "texture": "#0"},
				"down": {"uv": [0, 0, 1, 1], "texture": "#0"}
			}
		},
		{
			"from": [7.5, 10.78984, 9.59428],
			"to": [8.5, 11.78984, 11.59428],
			"rotation": {"angle": 0, "axis": "y", "origin": [7.5, 7.28984, 2.09428]},
			"faces": {
				"north": {"uv": [15, 7, 16, 8], "texture": "#0"},
				"east": {"uv": [15, 11, 13, 12], "texture": "#0"},
				"south": {"uv": [15, 11, 16, 12], "texture": "#0"},
				"west": {"uv": [13, 11, 15, 12], "texture": "#0"},
				"up": {"uv": [4, 12, 5, 14], "texture": "#0"},
				"down": {"uv": [0, 0, 1, 2], "texture": "#0"}
			}
		}
	],
	"gui_light": "front",
	"display": {
		"thirdperson_righthand": {
			"translation": [0, 1.75, 0],
			"scale": [0.85, 0.85, 0.85]
		},
		"thirdperson_lefthand": {
			"translation": [0, 1.75, 0],
			"scale": [0.85, 0.85, 0.85]
		},
		"firstperson_righthand": {
			"rotation": [9, 7.25, 0],
			"translation": [1.25, 1, -1.25]
		},
		"firstperson_lefthand": {
			"rotation": [9, 7.25, 0],
			"translation": [1.25, 1, -1.25]
		},
		"ground": {
			"rotation": [45, 0, 0],
			"translation": [0, 2, 0],
			"scale": [0.5, 0.5, 0.5]
		},
		"gui": {
			"rotation": [90, -53, 90],
			"translation": [-0.25, -0.75, 0]
		},
		"head": {
			"rotation": [90, -135, 90],
			"translation": [-0.75, -14.75, 4.75],
			"scale": [1.6, 1.6, 1.6]
		},
		"fixed": {
			"rotation": [0, 90, 0],
			"translation": [0.75, 0, -1]
		}
	},
	"groups": [
		{
			"name": "group",
			"origin": [7.5, 7.5, 7.5],
			"children": [0, 1, 2, 3, 4, 5, 6, 7, 8, 9, 10]
		}
	]
}