{
	"credit": "Made with Blockbench by Phantom",
	"texture_size": [32, 32],
	"textures": {
		"0": "magic:war/rpg",
		"particle": "magic:war/rpg"
	},
	"elements": [
		{
			"from": [6.75, 6.75, 19.8],
			"to": [9.25, 9.25, 20.3],
			"rotation": {"angle": 45, "axis": "z", "origin": [8, 8, 19.85]},
			"faces": {
				"north": {"uv": [5, 3, 6.25, 4.25], "texture": "#0"},
				"east": {"uv": [3, 10, 3.25, 11.25], "texture": "#0"},
				"south": {"uv": [6.5, 3, 7.75, 4.25], "texture": "#0"},
				"west": {"uv": [3.5, 10, 3.75, 11.25], "texture": "#0"},
				"up": {"uv": [10.75, 6.25, 9.5, 6], "texture": "#0"},
				"down": {"uv": [10.75, 6.5, 9.5, 6.75], "texture": "#0"}
			}
		},
		{
			"from": [7.25, 7.25, -2],
			"to": [8.75, 8.75, 18],
			"rotation": {"angle": 0, "axis": "y", "origin": [8.35, 8.35, 6]},
			"faces": {
				"north": {"uv": [8, 4, 8.75, 4.75], "texture": "#0"},
				"east": {"uv": [0, 0, 10, 0.75], "texture": "#0"},
				"south": {"uv": [2.5, 9, 3.25, 9.75], "texture": "#0"},
				"west": {"uv": [0, 1, 10, 1.75], "texture": "#0"},
				"up": {"uv": [0.75, 12, 0, 2], "texture": "#0"},
				"down": {"uv": [1.75, 2, 1, 12], "texture": "#0"}
			}
		},
		{
			"from": [8, 6.5, -8],
			"to": [8, 9.5, -2],
			"rotation": {"angle": 45, "axis": "z", "origin": [8, 8, -5]},
			"faces": {
				"north": {"uv": [0, 0, 0, 1.5], "texture": "#0"},
				"east": {"uv": [5, 3.5, 2, 5], "texture": "#0"},
				"south": {"uv": [0, 0, 0, 1.5], "texture": "#0"},
				"west": {"uv": [2, 3.5, 5, 5], "texture": "#0"},
				"up": {"uv": [0, 3, 0, 0], "texture": "#0"},
				"down": {"uv": [0, 0, 0, 3], "texture": "#0"}
			}
		},
		{
			"from": [6.5, 8, -8],
			"to": [9.5, 8, -2],
			"rotation": {"angle": 45, "axis": "z", "origin": [8, 8, -5]},
			"faces": {
				"north": {"uv": [0, 0, 1.5, 0], "texture": "#0"},
				"east": {"uv": [0, 0, 3, 0], "texture": "#0"},
				"south": {"uv": [0, 0, 1.5, 0], "texture": "#0"},
				"west": {"uv": [0, 0, 3, 0], "texture": "#0"},
				"up": {"uv": [5, 5, 2, 3.5], "rotation": 270, "texture": "#0"},
				"down": {"uv": [2, 3.5, 5, 5], "rotation": 270, "texture": "#0"}
			}
		},
		{
			"from": [7.6, 8.75, -1.9],
			"to": [8.4, 9.15, -0.4],
			"rotation": {"angle": 0, "axis": "y", "origin": [8.7, 8.35, 6]},
			"faces": {
				"north": {"uv": [8, 10.5, 8.375, 10.75], "texture": "#0"},
				"east": {"uv": [10, 4.5, 10.75, 4.75], "texture": "#0"},
				"south": {"uv": [8.5, 10.5, 8.875, 10.75], "texture": "#0"},
				"west": {"uv": [10, 5, 10.75, 5.25], "texture": "#0"},
				"up": {"uv": [5.375, 10.75, 5, 10], "texture": "#0"},
				"down": {"uv": [5.875, 10, 5.5, 10.75], "texture": "#0"}
			}
		},
		{
			"from": [7.7, 9.15, -1.8],
			"to": [8.3, 10.35, -1.6],
			"rotation": {"angle": 0, "axis": "y", "origin": [8.7, 8.35, 6]},
			"faces": {
				"north": {"uv": [10, 7, 10.25, 7.625], "texture": "#0"},
				"east": {"uv": [9, 10.5, 9.125, 11.125], "texture": "#0"},
				"south": {"uv": [10, 8, 10.25, 8.625], "texture": "#0"},
				"west": {"uv": [10, 10.5, 10.125, 11.125], "texture": "#0"},
				"up": {"uv": [10.75, 10.625, 10.5, 10.5], "texture": "#0"},
				"down": {"uv": [10.75, 0, 10.5, 0.125], "texture": "#0"}
			}
		},
		{
			"from": [6.5, 7.45, 6.5],
			"to": [7, 8.95, 9.5],
			"rotation": {"angle": 0, "axis": "y", "origin": [8.05, 8.05, 7.4]},
			"faces": {
				"north": {"uv": [10, 2.5, 10.25, 3.25], "texture": "#0"},
				"east": {"uv": [7, 7, 8.5, 7.75], "texture": "#0"},
				"south": {"uv": [10, 3.5, 10.25, 4.25], "texture": "#0"},
				"west": {"uv": [7, 6, 8.5, 6.75], "texture": "#0"},
				"up": {"uv": [9.75, 9, 9.5, 7.5], "texture": "#0"},
				"down": {"uv": [2.75, 10, 2.5, 11.5], "texture": "#0"}
			}
		},
		{
			"from": [6.6, 4.95, 7.4],
			"to": [7.1, 7.45, 8.4],
			"rotation": {"angle": 0, "axis": "y", "origin": [8.05, 8.05, 7.4]},
			"faces": {
				"north": {"uv": [4, 10, 4.25, 11.25], "texture": "#0"},
				"east": {"uv": [8.5, 6, 9, 7.25], "texture": "#0"},
				"south": {"uv": [4.5, 10, 4.75, 11.25], "texture": "#0"},
				"west": {"uv": [2, 9, 2.5, 10.25], "texture": "#0"},
				"up": {"uv": [10.25, 6, 10, 5.5], "texture": "#0"},
				"down": {"uv": [10.25, 9, 10, 9.5], "texture": "#0"}
			}
		},
		{
			"from": [7.75, 3.75, 2.4],
			"to": [8.25, 7.25, 3.4],
			"rotation": {"angle": 0, "axis": "y", "origin": [9.2, 8.05, 7.4]},
			"faces": {
				"north": {"uv": [9.5, 9.5, 9.75, 11.25], "texture": "#0"},
				"east": {"uv": [4, 8, 4.5, 9.75], "texture": "#0"},
				"south": {"uv": [9.5, 3, 9.75, 4.75], "texture": "#0"},
				"west": {"uv": [4.5, 8, 5, 9.75], "texture": "#0"},
				"up": {"uv": [7.25, 11, 7, 10.5], "texture": "#0"},
				"down": {"uv": [7.75, 10.5, 7.5, 11], "texture": "#0"}
			}
		},
		{
			"from": [8, 5.25, 0.9],
			"to": [8, 7.25, 2.4],
			"rotation": {"angle": 0, "axis": "y", "origin": [9.45, 8.05, 7.4]},
			"faces": {
				"north": {"uv": [0, 0, 0, 1], "texture": "#0"},
				"east": {"uv": [8.75, 3, 8, 4], "texture": "#0"},
				"south": {"uv": [0, 0, 0, 1], "texture": "#0"},
				"west": {"uv": [8, 3, 8.75, 4], "texture": "#0"},
				"up": {"uv": [0, 0.75, 0, 0], "texture": "#0"},
				"down": {"uv": [0, 0, 0, 0.75], "texture": "#0"}
			}
		},
		{
			"from": [6.5, 8.95, 7.4],
			"to": [6.9, 9.95, 8.4],
			"rotation": {"angle": 0, "axis": "y", "origin": [8.05, 8.05, 7.4]},
			"faces": {
				"north": {"uv": [10, 9.5, 10.25, 10], "texture": "#0"},
				"east": {"uv": [10, 0.5, 10.5, 1], "texture": "#0"},
				"south": {"uv": [2, 10.5, 2.25, 11], "texture": "#0"},
				"west": {"uv": [10, 1, 10.5, 1.5], "texture": "#0"},
				"up": {"uv": [6.25, 11, 6, 10.5], "texture": "#0"},
				"down": {"uv": [6.75, 10.5, 6.5, 11], "texture": "#0"}
			}
		},
		{
			"from": [5.2989, 8.85878, 6.4],
			"to": [6.2989, 9.85878, 9.4],
			"rotation": {"angle": -45, "axis": "z", "origin": [7.56667, 8.81667, -0.7]},
			"faces": {
				"north": {"uv": [10.5, 2, 10, 2.5], "texture": "#0"},
				"east": {"uv": [5, 4.5, 6.5, 5], "texture": "#0"},
				"south": {"uv": [10, 2, 10.5, 2.5], "texture": "#0"},
				"west": {"uv": [6.5, 4.5, 8, 5], "texture": "#0"},
				"up": {"uv": [7.5, 9.5, 7, 8], "texture": "#0"},
				"down": {"uv": [8, 8, 7.5, 9.5], "texture": "#0"}
			}
		},
		{
			"from": [7, 7, 4],
			"to": [9, 9, 12],
			"rotation": {"angle": 0, "axis": "y", "origin": [8.3, 8.3, 8]},
			"faces": {
				"north": {"uv": [2, 8, 3, 9], "texture": "#0"},
				"east": {"uv": [5, 5, 9, 6], "texture": "#0"},
				"south": {"uv": [3, 8, 4, 9], "texture": "#0"},
				"west": {"uv": [5, 2, 9, 3], "texture": "#0"},
				"up": {"uv": [6, 10, 5, 6], "texture": "#0"},
				"down": {"uv": [7, 6, 6, 10], "texture": "#0"}
			}
		},
		{
			"from": [7.5, 7.5, 18],
			"to": [8.5, 8.5, 20],
			"rotation": {"angle": -22.5, "axis": "x", "origin": [7.5, 8.5, 18]},
			"faces": {
				"north": {"uv": [9.5, 9, 10, 9.5], "texture": "#0"},
				"east": {"uv": [8.5, 7.5, 9.5, 8], "texture": "#0"},
				"south": {"uv": [6, 10, 6.5, 10.5], "texture": "#0"},
				"west": {"uv": [8, 9, 9, 9.5], "texture": "#0"},
				"up": {"uv": [4, 10, 3.5, 9], "texture": "#0"},
				"down": {"uv": [9.5, 9, 9, 10], "texture": "#0"}
			}
		},
		{
			"from": [7.5, 7.5, 18],
			"to": [8.5, 8.5, 20],
			"rotation": {"angle": -22.5, "axis": "y", "origin": [7.5, 7.5, 18]},
			"faces": {
				"north": {"uv": [10, 10, 10.5, 10.5], "texture": "#0"},
				"east": {"uv": [9, 7, 10, 7.5], "texture": "#0"},
				"south": {"uv": [10, 0, 10.5, 0.5], "texture": "#0"},
				"west": {"uv": [7, 9.5, 8, 10], "texture": "#0"},
				"up": {"uv": [8.5, 10.5, 8, 9.5], "texture": "#0"},
				"down": {"uv": [9, 9.5, 8.5, 10.5], "texture": "#0"}
			}
		},
		{
			"from": [7.5, 7.5, 18],
			"to": [8.5, 8.5, 20],
			"rotation": {"angle": 22.5, "axis": "x", "origin": [7.5, 7.5, 18]},
			"faces": {
				"north": {"uv": [6.5, 10, 7, 10.5], "texture": "#0"},
				"east": {"uv": [9, 2, 10, 2.5], "texture": "#0"},
				"south": {"uv": [7, 10, 7.5, 10.5], "texture": "#0"},
				"west": {"uv": [9, 2.5, 10, 3], "texture": "#0"},
				"up": {"uv": [9.5, 4, 9, 3], "texture": "#0"},
				"down": {"uv": [9.5, 4, 9, 5], "texture": "#0"}
			}
		},
		{
			"from": [7.5, 7.5, 18],
			"to": [8.5, 8.5, 20],
			"rotation": {"angle": 22.5, "axis": "y", "origin": [8.5, 7.5, 18]},
			"faces": {
				"north": {"uv": [7.5, 10, 8, 10.5], "texture": "#0"},
				"east": {"uv": [9, 5, 10, 5.5], "texture": "#0"},
				"south": {"uv": [9, 10, 9.5, 10.5], "texture": "#0"},
				"west": {"uv": [9, 5.5, 10, 6], "texture": "#0"},
				"up": {"uv": [9.5, 7, 9, 6], "texture": "#0"},
				"down": {"uv": [9.5, 8, 9, 9], "texture": "#0"}
			}
		}
	],
	"display": {
		"thirdperson_righthand": {
			"translation": [0, 1.5, 9.5],
			"scale": [1.5, 1.5, 1.5]
		},
		"thirdperson_lefthand": {
			"translation": [0, 1.5, 9.5],
			"scale": [-1.5, 1.5, 1.5]
		},
		"firstperson_righthand": {
			"translation": [0, 4, 4]
		},
		"firstperson_lefthand": {
			"translation": [0, 4, 4],
			"scale": [-1, 1, 1]
		},
		"gui": {
			"rotation": [0, 90, 0],
			"translation": [1.5, 0, 0],
			"scale": [0.6, 0.6, 0.6]
		},
		"fixed": {
			"rotation": [0, -90, 0],
			"translation": [-1.25, 0, 0],
			"scale": [0.65, 0.65, 0.65]
		}
	}
}