{
	"credit": "Made with Blockbench by Phantom",
	"texture_size": [32, 32],
	"textures": {
		"0": "magic:war/rpg",
		"particle": "magic:war/rpg"
	},
	"elements": [
		{
			"from": [8, 6.5, -8],
			"to": [8, 9.5, -2],
			"rotation": {"angle": 45, "axis": "z", "origin": [8, 8, -5]},
			"faces": {
				"north": {"uv": [0, 0, 0, 1.5], "texture": "#0"},
				"east": {"uv": [5, 3.5, 2, 5], "texture": "#0"},
				"south": {"uv": [0, 0, 0, 1.5], "texture": "#0"},
				"west": {"uv": [2, 3.5, 5, 5], "texture": "#0"},
				"up": {"uv": [0, 3, 0, 0], "texture": "#0"},
				"down": {"uv": [0, 0, 0, 3], "texture": "#0"}
			}
		},
		{
			"from": [8, 7.5, -2],
			"to": [8, 8.5, 11],
			"rotation": {"angle": 45, "axis": "z", "origin": [8, 8, -5]},
			"faces": {
				"north": {"uv": [0, 0, 0, 1.5], "texture": "#0"},
				"east": {"uv": [2, 7.5, 5, 8], "rotation": 180, "texture": "#0"},
				"south": {"uv": [0, 0, 0, 1.5], "texture": "#0"},
				"west": {"uv": [2, 7.5, 5, 8], "texture": "#0"},
				"up": {"uv": [0, 3, 0, 0], "texture": "#0"},
				"down": {"uv": [0, 0, 0, 3], "texture": "#0"}
			}
		},
		{
			"from": [6.5, 8, -8],
			"to": [9.5, 8, -2],
			"rotation": {"angle": 45, "axis": "z", "origin": [8, 8, -5]},
			"faces": {
				"north": {"uv": [0, 0, 1.5, 0], "texture": "#0"},
				"east": {"uv": [0, 0, 3, 0], "texture": "#0"},
				"south": {"uv": [0, 0, 1.5, 0], "texture": "#0"},
				"west": {"uv": [0, 0, 3, 0], "texture": "#0"},
				"up": {"uv": [5, 5, 2, 3.5], "rotation": 270, "texture": "#0"},
				"down": {"uv": [2, 3.5, 5, 5], "rotation": 270, "texture": "#0"}
			}
		},
		{
			"from": [7.5, 8, -2],
			"to": [8.5, 8, 11],
			"rotation": {"angle": 45, "axis": "z", "origin": [8, 8, -5]},
			"faces": {
				"north": {"uv": [0, 0, 1.5, 0], "texture": "#0"},
				"east": {"uv": [0, 0, 3, 0], "texture": "#0"},
				"south": {"uv": [0, 0, 1.5, 0], "texture": "#0"},
				"west": {"uv": [0, 0, 3, 0], "texture": "#0"},
				"up": {"uv": [2, 7.5, 5, 8], "rotation": 90, "texture": "#0"},
				"down": {"uv": [2, 7.5, 5, 8], "rotation": 270, "texture": "#0"}
			}
		}
	],
	"display": {
		"thirdperson_righthand": {
			"translation": [0, 1.5, 9.5],
			"scale": [1.5, 1.5, 1.5]
		},
		"thirdperson_lefthand": {
			"translation": [0, 1.5, 9.5],
			"scale": [-1.5, 1.5, 1.5]
		},
		"firstperson_righthand": {
			"translation": [0, 4, 4]
		},
		"firstperson_lefthand": {
			"translation": [0, 4, 4],
			"scale": [-1, 1, 1]
		},
		"gui": {
			"rotation": [0, 90, 0],
			"translation": [1.5, 0, 0],
			"scale": [0.6, 0.6, 0.6]
		},
		"head": {
			"translation": [0, -30, 10.5],
			"scale": [2, 2, 2]
		},
		"fixed": {
			"rotation": [0, -90, 0],
			"translation": [-1.25, 0, 0],
			"scale": [0.65, 0.65, 0.65]
		}
	}
}