{
	"credit": "Made with Blockbench, by RealFlamegirl. Do not take this out of the Magic resource pack and/or redistribute without permission. Discord is flame#0464",
	"textures": {
		"1": "magic:war/shotgun",
		"particle": "magic:war/shotgun"
	},
	"elements": [
		{
			"from": [7.497, 7.43173, -3.69655],
			"to": [8.503, 9.43773, 12.30945],
			"rotation": {"angle": 0, "axis": "y", "origin": [8, 7.14478, 8.18929]},
			"faces": {
				"north": {"uv": [15, 4, 16, 6], "texture": "#1"},
				"east": {"uv": [0, 0, 16, 2], "texture": "#1"},
				"south": {"uv": [0, 0, 1, 2], "texture": "#1"},
				"west": {"uv": [16, 0, 0, 2], "texture": "#1"},
				"up": {"uv": [0, 2, 16, 3], "rotation": 90, "texture": "#1"},
				"down": {"uv": [0, 3, 16, 4], "rotation": 270, "texture": "#1"}
			}
		},
		{
			"from": [7.997, 4.43173, 6.30345],
			"to": [8.003, 7.43773, 12.30945],
			"rotation": {"angle": 0, "axis": "y", "origin": [8, 7.14478, 8.18929]},
			"faces": {
				"north": {"uv": [1, 8, 2, 9], "texture": "#1"},
				"east": {"uv": [0, 13, 6, 16], "texture": "#1"},
				"south": {"uv": [1, 8, 2, 9], "texture": "#1"},
				"west": {"uv": [0, 13, 6, 16], "texture": "#1"},
				"up": {"uv": [1, 8, 2, 9], "rotation": 90, "texture": "#1"},
				"down": {"uv": [1, 8, 2, 9], "rotation": 270, "texture": "#1"}
			}
		},
		{
			"from": [7.5, 9.67529, 9.48132],
			"to": [8.5, 11.67529, 17.48132],
			"rotation": {"angle": 45, "axis": "x", "origin": [8, 7.14478, 8.18929]},
			"faces": {
				"north": {"uv": [0, 0, 1, 2], "texture": "#1"},
				"east": {"uv": [7, 4, 15, 6], "texture": "#1"},
				"south": {"uv": [7, 6, 8, 8], "texture": "#1"},
				"west": {"uv": [15, 4, 7, 6], "texture": "#1"},
				"up": {"uv": [8, 6, 16, 7], "rotation": 90, "texture": "#1"},
				"down": {"uv": [8, 7, 16, 8], "rotation": 270, "texture": "#1"}
			}
		},
		{
			"from": [7.503, 4.89852, 13.60234],
			"to": [8.497, 7.89252, 21.59634],
			"rotation": {"angle": 0, "axis": "z", "origin": [8, 7.01978, 8.18929]},
			"faces": {
				"north": {"uv": [0, 5, 1, 8], "texture": "#1"},
				"east": {"uv": [8, 8, 16, 11], "texture": "#1"},
				"south": {"uv": [7, 8, 8, 11], "texture": "#1"},
				"west": {"uv": [16, 8, 8, 11], "texture": "#1"},
				"up": {"uv": [8, 11, 16, 12], "rotation": 90, "texture": "#1"},
				"down": {"uv": [8, 12, 16, 13], "rotation": 270, "texture": "#1"}
			}
		},
		{
			"from": [7.5, 8.43473, -5.69355],
			"to": [8.5, 9.43473, -3.69355],
			"rotation": {"angle": 0, "axis": "y", "origin": [8, 7.14478, 8.18929]},
			"faces": {
				"north": {"uv": [6, 4, 7, 5], "texture": "#1"},
				"east": {"uv": [0, 4, 2, 5], "texture": "#1"},
				"south": {"uv": [0, 0, 1, 1], "texture": "#1"},
				"west": {"uv": [2, 4, 0, 5], "texture": "#1"},
				"up": {"uv": [2, 4, 4, 5], "rotation": 90, "texture": "#1"},
				"down": {"uv": [4, 4, 6, 5], "rotation": 270, "texture": "#1"}
			}
		}
	],
	"gui_light": "front",
	"display": {
		"thirdperson_righthand": {
			"rotation": [33, 0, 0],
			"translation": [0, 2, -4],
			"scale": [0.85, 0.85, 0.85]
		},
		"thirdperson_lefthand": {
			"rotation": [33, 0, 0],
			"translation": [0, 2, -4],
			"scale": [0.85, 0.85, 0.85]
		},
		"firstperson_righthand": {
			"rotation": [6, 7.25, 0],
			"translation": [-1.75, 3.5, 0]
		},
		"firstperson_lefthand": {
			"rotation": [6, 7.25, 0],
			"translation": [-1.75, 3.5, 0]
		},
		"ground": {
			"translation": [0, 2, 0],
			"scale": [0.5, 0.5, 0.5]
		},
		"gui": {
			"rotation": [82.5, -49.75, 71.5],
			"translation": [0, 0.25, 0],
			"scale": [0.68359, 0.68359, 0.68359]
		},
		"fixed": {
			"rotation": [0, 90, 0],
			"translation": [0, 0, -1.5]
		}
	}
}