{
	"credit": "Made with Blockbench by Phantom",
	"texture_size": [32, 32],
	"textures": {
		"0": "magic:war/shotgun2",
		"particle": "magic:war/shotgun2"
	},
	"elements": [
		{
			"from": [8, 0, -4],
			"to": [9, 1, 16],
			"rotation": {"angle": -45, "axis": "z", "origin": [8.5, 0.5, 0.5]},
			"faces": {
				"north": {"uv": [0, 11, 0.5, 11.5], "texture": "#0"},
				"east": {"uv": [0, 0, 10, 0.5], "texture": "#0"},
				"south": {"uv": [1.25, 9.25, 1.75, 9.75], "texture": "#0"},
				"west": {"uv": [0, 0.5, 10, 1], "texture": "#0"},
				"up": {"uv": [0.5, 11, 0, 1], "texture": "#0"},
				"down": {"uv": [1, 1, 0.5, 11], "texture": "#0"}
			}
		},
		{
			"from": [7, 0, -4.001],
			"to": [8, 1, 15.999],
			"rotation": {"angle": 45, "axis": "z", "origin": [7.5, 0.5, 8]},
			"faces": {
				"north": {"uv": [0, 11, 0.5, 11.5], "texture": "#0"},
				"east": {"uv": [1, 1, 11, 1.5], "texture": "#0"},
				"south": {"uv": [1.25, 10.75, 1.75, 11.25], "texture": "#0"},
				"west": {"uv": [1, 1.5, 11, 2], "texture": "#0"},
				"up": {"uv": [1.5, 12, 1, 2], "texture": "#0"},
				"down": {"uv": [2, 2, 1.5, 12], "texture": "#0"}
			}
		},
		{
			"from": [7.2499, -0.3, 16],
			"to": [8.7501, 1.2, 18],
			"rotation": {"angle": 22.5, "axis": "x", "origin": [7.25, 1.2, 16]},
			"faces": {
				"north": {"uv": [10, 0, 10.75, 0.75], "texture": "#0"},
				"east": {"uv": [3.75, 7.25, 4.75, 8], "texture": "#0"},
				"south": {"uv": [10, 2, 10.75, 2.75], "texture": "#0"},
				"west": {"uv": [4.75, 4.75, 5.75, 5.5], "texture": "#0"},
				"up": {"uv": [6, 8.25, 5.25, 7.25], "texture": "#0"},
				"down": {"uv": [4, 6, 3.25, 7], "texture": "#0"}
			}
		},
		{
			"from": [7.25, -0.9, 9.8],
			"to": [8.75, 0.1, 17.3],
			"rotation": {"angle": 0, "axis": "y", "origin": [0.75, 0, -4]},
			"faces": {
				"north": {"uv": [3.25, 5.25, 4, 5.75], "texture": "#0"},
				"east": {"uv": [2.75, 7, 6.5, 7.5], "texture": "#0"},
				"south": {"uv": [4.5, 5.25, 5.25, 5.75], "texture": "#0"},
				"west": {"uv": [2.75, 6, 6.5, 6.5], "texture": "#0"},
				"up": {"uv": [4.75, 7.75, 4, 4], "texture": "#0"},
				"down": {"uv": [5.75, 5, 5, 8.75], "texture": "#0"}
			}
		},
		{
			"from": [8, -2.4, 15.1],
			"to": [8, -0.9, 17.6],
			"rotation": {"angle": 0, "axis": "y", "origin": [1.5, 0, -2]},
			"faces": {
				"north": {"uv": [0, 0, 0, 0.75], "texture": "#0"},
				"east": {"uv": [8, 7, 9.25, 7.75], "texture": "#0"},
				"south": {"uv": [0, 0, 0, 0.75], "texture": "#0"},
				"west": {"uv": [9.25, 7, 8, 7.75], "texture": "#0"},
				"up": {"uv": [0, 1.25, 0, 0], "texture": "#0"},
				"down": {"uv": [0, 0, 0, 1.25], "texture": "#0"}
			}
		},
		{
			"from": [7.25, -5.65532, 17.02349],
			"to": [8.75, -0.15532, 18.42349],
			"rotation": {"angle": -45, "axis": "x", "origin": [6.1499, -0.55532, 17.42349]},
			"faces": {
				"north": {"uv": [3.5, 5, 4.25, 7.75], "texture": "#0"},
				"east": {"uv": [3.5, 5.75, 4.25, 8.5], "texture": "#0"},
				"south": {"uv": [6.25, 7, 7, 9.75], "texture": "#0"},
				"west": {"uv": [5.5, 5.25, 6.25, 8], "texture": "#0"},
				"up": {"uv": [5, 7.25, 4.25, 6.5], "texture": "#0"},
				"down": {"uv": [5.75, 3.25, 5, 4], "texture": "#0"}
			}
		},
		{
			"from": [7.3, -3.38166, 20.16405],
			"to": [8.7, -1.88166, 28.46405],
			"rotation": {"angle": 0, "axis": "x", "origin": [7.3, -2.18166, 20.46405]},
			"faces": {
				"north": {"uv": [9, 10.5, 9.75, 11.25], "texture": "#0"},
				"east": {"uv": [2.75, 7, 7, 7.75], "texture": "#0"},
				"south": {"uv": [4.25, 6.75, 5, 7.5], "texture": "#0"},
				"west": {"uv": [2.75, 3, 7, 3.75], "texture": "#0"},
				"up": {"uv": [4.25, 8.25, 3.5, 4], "texture": "#0"},
				"down": {"uv": [3.75, 4, 3, 8.25], "texture": "#0"}
			}
		},
		{
			"from": [7.3001, -6.65422, 20.74799],
			"to": [8.6999, -5.25422, 27.74799],
			"rotation": {"angle": 22.5, "axis": "x", "origin": [7.3, -5.55422, 29.54799]},
			"faces": {
				"north": {"uv": [5, 5.75, 5.75, 6.5], "texture": "#0"},
				"east": {"uv": [2.75, 6.5, 6.25, 7.25], "texture": "#0"},
				"south": {"uv": [3.25, 7, 4, 7.75], "texture": "#0"},
				"west": {"uv": [2.75, 3.75, 6.25, 4.5], "texture": "#0"},
				"up": {"uv": [6.75, 9.5, 6, 6], "texture": "#0"},
				"down": {"uv": [4.5, 6.5, 3.75, 10], "texture": "#0"}
			}
		},
		{
			"from": [7.3, -5.88166, 27.46405],
			"to": [8.7, -3.38166, 28.46405],
			"rotation": {"angle": 0, "axis": "x", "origin": [7.3, -2.68166, 21.46405]},
			"faces": {
				"north": {"uv": [4, 5.25, 4.75, 6.5], "texture": "#0"},
				"east": {"uv": [3.5, 4.5, 4, 5.75], "texture": "#0"},
				"south": {"uv": [5, 9, 5.75, 10.25], "texture": "#0"},
				"west": {"uv": [4.5, 5.75, 5, 7], "texture": "#0"},
				"up": {"uv": [3.75, 6.25, 3, 5.75], "texture": "#0"},
				"down": {"uv": [5.75, 4.5, 5, 5], "texture": "#0"}
			}
		},
		{
			"from": [7.3, -4.38166, 23.96405],
			"to": [8.7, -3.38166, 27.46405],
			"rotation": {"angle": 0, "axis": "x", "origin": [7.3, -2.68166, 21.46405]},
			"faces": {
				"north": {"uv": [4.75, 7, 5.5, 7.5], "texture": "#0"},
				"east": {"uv": [3.5, 6.5, 5.25, 7], "texture": "#0"},
				"south": {"uv": [4.25, 7.25, 5, 7.75], "texture": "#0"},
				"west": {"uv": [4.5, 5.25, 6.25, 5.75], "texture": "#0"},
				"up": {"uv": [5, 6.25, 4.25, 4.5], "texture": "#0"},
				"down": {"uv": [4.25, 6.25, 3.5, 8], "texture": "#0"}
			}
		},
		{
			"from": [7.2499, -0.4, 8.6],
			"to": [8.7501, 0.6, 10.1],
			"rotation": {"angle": 22.5, "axis": "x", "origin": [9.75, 0.1, 8.7]},
			"faces": {
				"north": {"uv": [4.5, 7.5, 5.25, 8], "texture": "#0"},
				"east": {"uv": [5, 4.75, 5.75, 5.25], "texture": "#0"},
				"south": {"uv": [4.25, 5.5, 5, 6], "texture": "#0"},
				"west": {"uv": [3.25, 6, 4, 6.5], "texture": "#0"},
				"up": {"uv": [6.75, 4.75, 6, 4], "texture": "#0"},
				"down": {"uv": [4.25, 5.5, 3.5, 6.25], "texture": "#0"}
			}
		}
	],
	"display": {
		"thirdperson_righthand": {
			"translation": [0, 8.75, -8]
		},
		"thirdperson_lefthand": {
			"translation": [0, 8.75, -8]
		},
		"firstperson_righthand": {
			"translation": [0, 10, 0]
		},
		"firstperson_lefthand": {
			"translation": [0, 10, 0]
		},
		"ground": {
			"rotation": [0, 0, -90],
			"translation": [9, 0, -6]
		},
		"gui": {
			"rotation": [0, 90, 0],
			"translation": [-2.5, 4.5, 0],
			"scale": [0.5, 0.5, 0.5]
		},
		"fixed": {
			"rotation": [0, -90, 0],
			"translation": [3, 5, 0],
			"scale": [0.65, 0.65, 0.65]
		}
	}
}