{
	"credit": "Made with Blockbench, by RealFlamegirl. Do not take this out of the Magic resource pack and/or redistribute without permission. Discord is flame#0464",
	"textures": {
		"1": "magic:war/sniper_rifle",
		"particle": "magic:war/sniper_rifle"
	},
	"elements": [
		{
			"from": [7.5, 5, -10.87495],
			"to": [8.5, 6, 0.12505],
			"rotation": {"angle": 0, "axis": "y", "origin": [8, 5.5, -2.87495]},
			"faces": {
				"north": {"uv": [11, 0, 12, 1], "texture": "#1"},
				"east": {"uv": [0, 0, 11, 1], "texture": "#1"},
				"south": {"uv": [0, 0, 1, 1], "texture": "#1"},
				"west": {"uv": [11, 0, 0, 1], "texture": "#1"},
				"up": {"uv": [0, 1, 11, 2], "rotation": 90, "texture": "#1"},
				"down": {"uv": [0, 2, 11, 3], "rotation": 270, "texture": "#1"}
			}
		},
		{
			"from": [7.5, 4, 0.12505],
			"to": [8.5, 6, 11.12505],
			"rotation": {"angle": 0, "axis": "y", "origin": [8, 5.5, 8.12505]},
			"faces": {
				"north": {"uv": [11, 1, 12, 3], "texture": "#1"},
				"east": {"uv": [0, 3, 11, 5], "texture": "#1"},
				"south": {"uv": [0, 0, 1, 2], "texture": "#1"},
				"west": {"uv": [11, 3, 0, 5], "texture": "#1"},
				"up": {"uv": [0, 5, 11, 6], "rotation": 90, "texture": "#1"},
				"down": {"uv": [0, 6, 11, 7], "rotation": 270, "texture": "#1"}
			}
		},
		{
			"from": [7.5, 7, 2.12505],
			"to": [8.5, 8, 12.12505],
			"rotation": {"angle": 0, "axis": "y", "origin": [8, 7.5, 6.62505]},
			"faces": {
				"north": {"uv": [10, 8, 11, 9], "texture": "#1"},
				"east": {"uv": [0, 7, 10, 8], "texture": "#1"},
				"south": {"uv": [10, 9, 11, 10], "texture": "#1"},
				"west": {"uv": [10, 7, 0, 8], "texture": "#1"},
				"up": {"uv": [0, 8, 10, 9], "rotation": 90, "texture": "#1"},
				"down": {"uv": [0, 9, 10, 10], "rotation": 270, "texture": "#1"}
			}
		},
		{
			"from": [8, 6, 5.12505],
			"to": [8, 7, 10.12505],
			"rotation": {"angle": 0, "axis": "y", "origin": [8, 6.5, 6.62505]},
			"faces": {
				"north": {"uv": [0, 0, 0, 1], "texture": "#1"},
				"east": {"uv": [15, 0, 16, 5], "rotation": 90, "texture": "#1"},
				"south": {"uv": [0, 0, 0, 1], "texture": "#1"},
				"west": {"uv": [16, 0, 15, 5], "rotation": 90, "texture": "#1"},
				"up": {"uv": [0, 0, 5, 0], "rotation": 90, "texture": "#1"},
				"down": {"uv": [0, 0, 5, 0], "rotation": 270, "texture": "#1"}
			}
		},
		{
			"from": [8, 2, 8.12505],
			"to": [8, 4, 13.12505],
			"rotation": {"angle": 0, "axis": "y", "origin": [8, 3, 10.62505]},
			"faces": {
				"north": {"uv": [0, 0, 0, 2], "texture": "#1"},
				"east": {"uv": [11, 12, 16, 14], "texture": "#1"},
				"south": {"uv": [0, 0, 0, 2], "texture": "#1"},
				"west": {"uv": [16, 12, 11, 14], "texture": "#1"},
				"up": {"uv": [0, 0, 4, 0], "rotation": 90, "texture": "#1"},
				"down": {"uv": [0, 0, 4, 0], "rotation": 270, "texture": "#1"}
			}
		},
		{
			"from": [7.5, 1.62151, 14.0552],
			"to": [8.5, 4.62151, 22.0552],
			"rotation": {"angle": 0, "axis": "y", "origin": [8, 4.12151, 17.5552]},
			"faces": {
				"north": {"uv": [9, 12, 10, 15], "texture": "#1"},
				"east": {"uv": [0, 12, 8, 15], "texture": "#1"},
				"south": {"uv": [8, 12, 9, 15], "texture": "#1"},
				"west": {"uv": [8, 12, 0, 15], "texture": "#1"},
				"up": {"uv": [0, 15, 8, 16], "rotation": 90, "texture": "#1"},
				"down": {"uv": [8, 15, 16, 16], "rotation": 270, "texture": "#1"}
			}
		},
		{
			"from": [7.503, 3.46704, 10.82253],
			"to": [8.497, 5.46104, 14.81653],
			"rotation": {"angle": 22.5, "axis": "x", "origin": [8, 4.96404, 12.31953]},
			"faces": {
				"north": {"uv": [0, 0, 1, 2], "texture": "#1"},
				"east": {"uv": [0, 10, 4, 12], "texture": "#1"},
				"south": {"uv": [0, 0, 1, 2], "texture": "#1"},
				"west": {"uv": [4, 10, 0, 12], "texture": "#1"},
				"up": {"uv": [4, 10, 8, 11], "rotation": 90, "texture": "#1"},
				"down": {"uv": [4, 11, 8, 12], "rotation": 270, "texture": "#1"}
			}
		}
	],
	"display": {
		"thirdperson_righthand": {
			"rotation": [36, 0, 0],
			"translation": [0, 2.75, -1.5],
			"scale": [0.85, 0.85, 0.85]
		},
		"thirdperson_lefthand": {
			"rotation": [36, 0, 0],
			"translation": [0, 2.75, -1.5],
			"scale": [0.85, 0.85, 0.85]
		},
		"firstperson_righthand": {
			"rotation": [5, -20, 0],
			"translation": [-4, 7.25, 10]
		},
		"firstperson_lefthand": {
			"rotation": [5, 5.25, 0],
			"translation": [-1.75, 7.25, 1.75]
		},
		"ground": {
			"translation": [0, 2, 0],
			"scale": [0.5, 0.5, 0.5]
		},
		"gui": {
			"rotation": [-79, -130, -82],
			"translation": [-2.25, 1, 0],
			"scale": [0.625, 0.625, 0.625]
		},
		"fixed": {
			"rotation": [0, 90, 0],
			"translation": [2.25, 3, -1.5]
		}
	}
}