{
	"parent": "magic:base/lit",
	"credit": "Made with Blockbench, a free, modern block model editor by JannisX11",
	"textures": {
		"0": "block/jungle_log",
		"1": "block/mossy_cobblestone",
		"2": "magic:war/bed_feet_top",
		"particle": "block/jungle_log"
	},
	"elements": [
		{
			"name": "head1",
			"from": [7.300000004470348, 7.799999997019768, 8],
			"to": [8.700000010430813, 9, 15],
			"faces": {
				"north": {"uv": [0, 0, 16, 16], "texture": "#1"},
				"east": {"uv": [0, 0, 16, 16], "texture": "#1"},
				"south": {"uv": [0, 0, 16, 16], "texture": "#1"},
				"west": {"uv": [0, 0, 16, 16], "texture": "#1"},
				"up": {"uv": [0, 0, 16, 16], "texture": "#1"},
				"down": {"uv": [0, 0, 16, 16], "texture": "#1"}
			},
			"type": "cube"
		},
		{
			"name": "head2",
			"from": [7.600000008940697, 7.900000013411045, 5],
			"to": [8.400000005960464, 9.000000014901161, 8],
			"faces": {
				"north": {"uv": [0, 0, 16, 16], "texture": "#1"},
				"east": {"uv": [0, 0, 16, 16], "texture": "#1"},
				"south": {"uv": [0, 0, 16, 16], "texture": "#1"},
				"west": {"uv": [0, 0, 16, 16], "texture": "#1"},
				"up": {"uv": [0, 0, 16, 16], "texture": "#1"},
				"down": {"uv": [0, 0, 16, 16], "texture": "#1"}
			},
			"type": "cube"
		},
		{
			"name": "head3",
			"from": [7.300000004470348, 7.799999997019768, 6],
			"to": [8.700000010430813, 8.699999995529652, 8],
			"faces": {
				"north": {"uv": [0, 0, 16, 16], "texture": "#1"},
				"east": {"uv": [0, 0, 16, 16], "texture": "#1"},
				"south": {"uv": [0, 0, 16, 16], "texture": "#1"},
				"west": {"uv": [0, 0, 16, 16], "texture": "#1"},
				"up": {"uv": [0, 0, 16, 16], "texture": "#1"},
				"down": {"uv": [0, 0, 16, 16], "texture": "#1"}
			},
			"type": "cube"
		},
		{
			"name": "head4",
			"from": [7.000000029802322, 7.999999985098839, 6],
			"to": [7.300000034272671, 8.399999991059303, 8],
			"faces": {
				"north": {"uv": [0, 0, 16, 16], "texture": "#1"},
				"east": {"uv": [0, 0, 16, 16], "texture": "#1"},
				"south": {"uv": [0, 0, 16, 16], "texture": "#1"},
				"west": {"uv": [0, 0, 16, 16], "texture": "#1"},
				"up": {"uv": [0, 0, 16, 16], "texture": "#1"},
				"down": {"uv": [0, 0, 16, 16], "texture": "#1"}
			},
			"rotation": {
				"origin": [8, 8, 8],
				"axis": "z",
				"angle": -45
			},
			"type": "cube"
		},
		{
			"name": "head5",
			"from": [7.600000038743019, 8.69999998062849, 6],
			"to": [8.000000044703484, 8.999999985098839, 8],
			"faces": {
				"north": {"uv": [0, 0, 16, 16], "texture": "#1"},
				"east": {"uv": [0, 0, 16, 16], "texture": "#1"},
				"south": {"uv": [0, 0, 16, 16], "texture": "#1"},
				"west": {"uv": [0, 0, 16, 16], "texture": "#1"},
				"up": {"uv": [0, 0, 16, 16], "texture": "#1"},
				"down": {"uv": [0, 0, 16, 16], "texture": "#1"}
			},
			"rotation": {
				"origin": [8, 8, 8],
				"axis": "z",
				"angle": -45
			},
			"type": "cube"
		},
		{
			"name": "end2",
			"from": [7.6, 7.6, -1],
			"to": [8.000000005960464, 8.4, 5.5],
			"faces": {
				"north": {"uv": [0, 0, 16, 16], "texture": "#2"},
				"east": {"uv": [0, 0, 16, 16], "texture": "#1"},
				"south": {"uv": [0, 0, 16, 16], "texture": "#1"},
				"west": {"uv": [0, 0, 16, 16], "texture": "#1"},
				"up": {"uv": [0, 0, 16, 16], "texture": "#1"},
				"down": {"uv": [0, 0, 16, 16], "texture": "#1"}
			},
			"rotation": {
				"origin": [8.199999964237213, 7.100000026822091, 9],
				"axis": "z",
				"angle": 0
			},
			"type": "cube"
		},
		{
			"name": "end1",
			"from": [7.400000035762787, 8.19999997317791, -3],
			"to": [7.800000041723251, 8.599999979138374, 5],
			"faces": {
				"north": {"uv": [0, 0, 16, 16], "texture": "#2"},
				"east": {"uv": [0, 0, 16, 16], "texture": "#1"},
				"south": {"uv": [0, 0, 16, 16], "texture": "#1"},
				"west": {"uv": [0, 0, 16, 16], "texture": "#1"},
				"up": {"uv": [0, 0, 16, 16], "texture": "#1"},
				"down": {"uv": [0, 0, 16, 16], "texture": "#1"}
			},
			"rotation": {
				"origin": [8, 8, 8],
				"axis": "z",
				"angle": -45
			},
			"type": "cube"
		},
		{
			"name": "head8",
			"from": [7.699999999999999, 9.2, 12.7],
			"to": [8.2, 9.5, 12.899999999999999],
			"faces": {
				"north": {"uv": [0, 0, 16, 16], "texture": "#2"},
				"east": {"uv": [0, 0, 16, 16], "texture": "#2"},
				"south": {"uv": [0, 0, 16, 16], "texture": "#2"},
				"west": {"uv": [0, 0, 16, 16], "texture": "#2"},
				"up": {"uv": [0, 0, 16, 16], "texture": "#2"},
				"down": {"uv": [0, 0, 16, 16], "texture": "#2"}
			},
			"type": "cube"
		},
		{
			"name": "head7",
			"from": [7.699999999999999, 8.5, 13.599999994039536],
			"to": [8.2, 8.8, 15.199999994039535],
			"faces": {
				"north": {"uv": [0, 0, 16, 16], "texture": "#2"},
				"east": {"uv": [0, 0, 16, 16], "texture": "#2"},
				"south": {"uv": [0, 0, 16, 16], "texture": "#2"},
				"west": {"uv": [0, 0, 16, 16], "texture": "#2"},
				"up": {"uv": [0, 0, 16, 16], "texture": "#2"},
				"down": {"uv": [0, 0, 16, 16], "texture": "#2"}
			},
			"type": "cube"
		},
		{
			"name": "head6",
			"from": [
				7.4000000059604645,
				8.999999985098839,
				12.599999994039536
			],
			"to": [
				8.600000008940697,
				9.299999974668026,
				14.599999994039536
			],
			"faces": {
				"north": {"uv": [0, 0, 16, 16], "texture": "#2"},
				"east": {"uv": [0, 0, 16, 16], "texture": "#2"},
				"south": {"uv": [0, 0, 16, 16], "texture": "#2"},
				"west": {"uv": [0, 0, 16, 16], "texture": "#2"},
				"up": {"uv": [0, 0, 16, 16], "texture": "#2"},
				"down": {"uv": [0, 0, 16, 16], "texture": "#2"}
			},
			"type": "cube"
		},
		{
			"name": "head8",
			"from": [8.13, 8.999999985098839, 14],
			"to": [
				8.530000005960465,
				9.749999985098839,
				14.400000005960464
			],
			"faces": {
				"north": {"uv": [0, 0, 16, 16], "texture": "#2"},
				"east": {"uv": [0, 0, 16, 16], "texture": "#2"},
				"south": {"uv": [0, 0, 16, 16], "texture": "#2"},
				"west": {"uv": [0, 0, 16, 16], "texture": "#2"},
				"up": {"uv": [0, 0, 16, 16], "texture": "#2"},
				"down": {"uv": [0, 0, 16, 16], "texture": "#2"}
			},
			"type": "cube"
		},
		{
			"name": "head11",
			"from": [7.68, 12.5, -1.8000000000000007],
			"to": [7.879999999999999, 13, -1.6000000000000008],
			"faces": {
				"north": {"uv": [0, 0, 16, 16], "texture": "#2"},
				"east": {"uv": [0, 0, 16, 16], "texture": "#2"},
				"south": {"uv": [0, 0, 16, 16], "texture": "#2"},
				"west": {"uv": [0, 0, 16, 16], "texture": "#2"},
				"up": {"uv": [0, 0, 16, 16], "texture": "#2"},
				"down": {"uv": [0, 0, 16, 16], "texture": "#2"}
			},
			"rotation": {
				"origin": [
					8.230000000000002,
					11.500000014901161,
					-6.800000000000001
				],
				"axis": "x",
				"angle": 45
			},
			"type": "cube"
		},
		{
			"name": "head10",
			"from": [8.12, 12.5, -1.8000000000000007],
			"to": [8.319999999999999, 13, -1.6000000000000008],
			"faces": {
				"north": {"uv": [0, 0, 16, 16], "texture": "#2"},
				"east": {"uv": [0, 0, 16, 16], "texture": "#2"},
				"south": {"uv": [0, 0, 16, 16], "texture": "#2"},
				"west": {"uv": [0, 0, 16, 16], "texture": "#2"},
				"up": {"uv": [0, 0, 16, 16], "texture": "#2"},
				"down": {"uv": [0, 0, 16, 16], "texture": "#2"}
			},
			"rotation": {
				"origin": [
					8.67,
					11.500000014901161,
					-6.800000000000001
				],
				"axis": "x",
				"angle": 45
			},
			"type": "cube"
		},
		{
			"name": "head9",
			"from": [8.12, 12.999999985098839, 14.2],
			"to": [
				8.520000005960464,
				13.749999985098839,
				14.600000005960464
			],
			"faces": {
				"north": {"uv": [0, 0, 16, 16], "texture": "#2"},
				"east": {"uv": [0, 0, 16, 16], "texture": "#2"},
				"south": {"uv": [0, 0, 16, 16], "texture": "#2"},
				"west": {"uv": [0, 0, 16, 16], "texture": "#2"},
				"up": {"uv": [0, 0, 16, 16], "texture": "#2"},
				"down": {"uv": [0, 0, 16, 16], "texture": "#2"}
			},
			"rotation": {
				"origin": [8.67, 12, 9.2],
				"axis": "x",
				"angle": 45
			},
			"type": "cube"
		},
		{
			"name": "head8",
			"from": [7.46, 12.999999985098839, 14.2],
			"to": [
				7.860000005960464,
				13.749999985098839,
				14.600000005960464
			],
			"faces": {
				"north": {"uv": [0, 0, 16, 16], "texture": "#2"},
				"east": {"uv": [0, 0, 16, 16], "texture": "#2"},
				"south": {"uv": [0, 0, 16, 16], "texture": "#2"},
				"west": {"uv": [0, 0, 16, 16], "texture": "#2"},
				"up": {"uv": [0, 0, 16, 16], "texture": "#2"},
				"down": {"uv": [0, 0, 16, 16], "texture": "#2"}
			},
			"rotation": {
				"origin": [8.01, 12, 9.2],
				"axis": "x",
				"angle": 45
			},
			"type": "cube"
		},
		{
			"name": "head7",
			"from": [7.45, 8.999999985098839, 14],
			"to": [
				7.850000005960465,
				9.749999985098839,
				14.400000005960464
			],
			"faces": {
				"north": {"uv": [0, 0, 16, 16], "texture": "#2"},
				"east": {"uv": [0, 0, 16, 16], "texture": "#2"},
				"south": {"uv": [0, 0, 16, 16], "texture": "#2"},
				"west": {"uv": [0, 0, 16, 16], "texture": "#2"},
				"up": {"uv": [0, 0, 16, 16], "texture": "#2"},
				"down": {"uv": [0, 0, 16, 16], "texture": "#2"}
			},
			"type": "cube"
		},
		{
			"name": "ammobox1",
			"from": [
				4.400000020861626,
				4.4000000059604645,
				6.599999979138374
			],
			"to": [
				8.400000035762787,
				8.399999991059303,
				7.999999985098839
			],
			"faces": {
				"north": {"uv": [0, 0, 16, 16], "texture": "#2"},
				"east": {"uv": [0, 0, 16, 16], "texture": "#2"},
				"south": {"uv": [0, 0, 16, 16], "texture": "#2"},
				"west": {"uv": [0, 0, 16, 16], "texture": "#2"},
				"up": {"uv": [0, 0, 16, 16], "texture": "#2"},
				"down": {"uv": [0, 0, 16, 16], "texture": "#2"}
			},
			"rotation": {
				"origin": [8, 8, 8],
				"axis": "z",
				"angle": 45
			},
			"type": "cube"
		},
		{
			"name": "shot1",
			"from": [7.600000008940697, 7.100000001490116, 8],
			"to": [8.400000005960464, 7.799999997019768, 12],
			"faces": {
				"north": {"uv": [0, 0, 16, 16], "texture": "#1"},
				"east": {"uv": [0, 0, 16, 16], "texture": "#1"},
				"south": {"uv": [0, 0, 16, 16], "texture": "#1"},
				"west": {"uv": [0, 0, 16, 16], "texture": "#1"},
				"up": {"uv": [0, 0, 16, 16], "texture": "#1"},
				"down": {"uv": [0, 0, 16, 16], "texture": "#1"}
			},
			"type": "cube"
		},
		{
			"name": "shot2",
			"from": [7.600000008940697, 5.800000011920929, 8],
			"to": [
				8.400000005960464,
				7.099999986588955,
				8.400000005960464
			],
			"faces": {
				"north": {"uv": [0, 0, 16, 16], "texture": "#1"},
				"east": {"uv": [0, 0, 16, 16], "texture": "#1"},
				"south": {"uv": [0, 0, 16, 16], "texture": "#1"},
				"west": {"uv": [0, 0, 16, 16], "texture": "#1"},
				"up": {"uv": [0, 0, 16, 16], "texture": "#1"},
				"down": {"uv": [0, 0, 16, 16], "texture": "#1"}
			},
			"type": "cube"
		},
		{
			"name": "shot3",
			"from": [
				7.600000008940697,
				5.800000011920929,
				8.399999991059303
			],
			"to": [8.400000005960464, 6, 10.600000008940697],
			"faces": {
				"north": {"uv": [0, 0, 16, 16], "texture": "#1"},
				"east": {"uv": [0, 0, 16, 16], "texture": "#1"},
				"south": {"uv": [0, 0, 16, 16], "texture": "#1"},
				"west": {"uv": [0, 0, 16, 16], "texture": "#1"},
				"up": {"uv": [0, 0, 16, 16], "texture": "#1"},
				"down": {"uv": [0, 0, 16, 16], "texture": "#1"}
			},
			"type": "cube"
		},
		{
			"name": "shot4",
			"from": [
				7.600000008940697,
				6.600000023841858,
				10.599999994039536
			],
			"to": [8.400000005960464, 7.100000001490116, 12],
			"faces": {
				"north": {"uv": [0, 0, 16, 16], "texture": "#1"},
				"east": {"uv": [0, 0, 16, 16], "texture": "#1"},
				"south": {"uv": [0, 0, 16, 16], "texture": "#1"},
				"west": {"uv": [0, 0, 16, 16], "texture": "#1"},
				"up": {"uv": [0, 0, 16, 16], "texture": "#1"},
				"down": {"uv": [0, 0, 16, 16], "texture": "#1"}
			},
			"type": "cube"
		},
		{
			"name": "shot5",
			"from": [
				7.700000010430813,
				6.200000032782555,
				9.599999994039536
			],
			"to": [
				8.300000004470348,
				7.100000016391277,
				9.799999997019768
			],
			"faces": {
				"north": {"uv": [0, 0, 16, 16], "texture": "#2"},
				"east": {"uv": [0, 0, 16, 16], "texture": "#2"},
				"south": {"uv": [0, 0, 16, 16], "texture": "#2"},
				"west": {"uv": [0, 0, 16, 16], "texture": "#2"},
				"up": {"uv": [0, 0, 16, 16], "texture": "#2"},
				"down": {"uv": [0, 0, 16, 16], "texture": "#2"}
			},
			"type": "cube"
		},
		{
			"name": "holdershot1",
			"from": [
				7.8000000104308125,
				6.000000029802322,
				10.599999994039536
			],
			"to": [8.200000004470349, 6.600000008940697, 11.8],
			"faces": {
				"north": {"uv": [0, 0, 16, 16], "texture": "#0"},
				"east": {"uv": [0, 0, 16, 16], "texture": "#0"},
				"south": {"uv": [0, 0, 16, 16], "texture": "#0"},
				"west": {"uv": [0, 0, 16, 16], "texture": "#0"},
				"up": {"uv": [0, 0, 16, 16], "texture": "#0"},
				"down": {"uv": [0, 0, 16, 16], "texture": "#0"}
			},
			"type": "cube"
		},
		{
			"name": "holdershot2",
			"from": [
				7.700000010430813,
				2.9000000432133675,
				9.49999999254942
			],
			"to": [8.300000004470348, 5.200000017881393, 11],
			"faces": {
				"north": {"uv": [0, 0, 16, 16], "texture": "#0"},
				"east": {"uv": [0, 0, 16, 16], "texture": "#0"},
				"south": {"uv": [0, 0, 16, 16], "texture": "#0"},
				"west": {"uv": [0, 0, 16, 16], "texture": "#0"},
				"up": {"uv": [0, 0, 16, 16], "texture": "#0"},
				"down": {"uv": [0, 0, 16, 16], "texture": "#0"}
			},
			"rotation": {
				"origin": [8, 8, 8],
				"axis": "x",
				"angle": -22.5
			},
			"type": "cube"
		},
		{
			"name": "holdershot3",
			"from": [
				7.800000011920929,
				2.600000038743019,
				9.299999989569187
			],
			"to": [
				8.200000002980232,
				2.900000013411045,
				10.700000010430813
			],
			"faces": {
				"north": {"uv": [0, 0, 16, 16], "texture": "#0"},
				"east": {"uv": [0, 0, 16, 16], "texture": "#0"},
				"south": {"uv": [0, 0, 16, 16], "texture": "#0"},
				"west": {"uv": [0, 0, 16, 16], "texture": "#0"},
				"up": {"uv": [0, 0, 16, 16], "texture": "#0"},
				"down": {"uv": [0, 0, 16, 16], "texture": "#0"}
			},
			"rotation": {
				"origin": [8, 8, 8],
				"axis": "x",
				"angle": -22.5
			},
			"type": "cube"
		},
		{
			"name": "holdershot4",
			"from": [
				7.800000011920929,
				3.600000038743019,
				9.299999989569187
			],
			"to": [
				8.200000002980232,
				3.900000013411045,
				9.500000022351742
			],
			"faces": {
				"north": {"uv": [0, 0, 16, 16], "texture": "#0"},
				"east": {"uv": [0, 0, 16, 16], "texture": "#0"},
				"south": {"uv": [0, 0, 16, 16], "texture": "#0"},
				"west": {"uv": [0, 0, 16, 16], "texture": "#0"},
				"up": {"uv": [0, 0, 16, 16], "texture": "#0"},
				"down": {"uv": [0, 0, 16, 16], "texture": "#0"}
			},
			"rotation": {
				"origin": [8, 8, 8],
				"axis": "x",
				"angle": -22.5
			},
			"type": "cube"
		},
		{
			"name": "holderstart1",
			"from": [
				7.60000000745058,
				7.1000000461936,
				12.899999983608723
			],
			"to": [
				8.400000007450581,
				7.800000011920929,
				15.400000005960464
			],
			"faces": {
				"north": {"uv": [0, 0, 16, 16], "texture": "#0"},
				"east": {"uv": [0, 0, 16, 16], "texture": "#0"},
				"south": {"uv": [0, 0, 16, 16], "texture": "#0"},
				"west": {"uv": [0, 0, 16, 16], "texture": "#0"},
				"up": {"uv": [0, 0, 16, 16], "texture": "#0"},
				"down": {"uv": [0, 0, 16, 16], "texture": "#0"}
			},
			"type": "cube"
		},
		{
			"name": "holderstart2",
			"from": [
				7.60000000745058,
				6.600000038743019,
				13.899999983608723
			],
			"to": [8.400000007450581, 7.100000001490116, 15],
			"faces": {
				"north": {"uv": [0, 0, 16, 16], "texture": "#0"},
				"east": {"uv": [0, 0, 16, 16], "texture": "#0"},
				"south": {"uv": [0, 0, 16, 16], "texture": "#0"},
				"west": {"uv": [0, 0, 16, 16], "texture": "#0"},
				"up": {"uv": [0, 0, 16, 16], "texture": "#0"},
				"down": {"uv": [0, 0, 16, 16], "texture": "#0"}
			},
			"type": "cube"
		},
		{
			"name": "holderstart3",
			"from": [
				7.500000007450581,
				10.300000049173832,
				14.899999983608723
			],
			"to": [8.50000000745058, 10.700000010430813, 16],
			"faces": {
				"north": {"uv": [0, 0, 16, 16], "texture": "#0"},
				"east": {"uv": [0, 0, 16, 16], "texture": "#0"},
				"south": {"uv": [0, 0, 16, 16], "texture": "#0"},
				"west": {"uv": [0, 0, 16, 16], "texture": "#0"},
				"up": {"uv": [0, 0, 16, 16], "texture": "#0"},
				"down": {"uv": [0, 0, 16, 16], "texture": "#0"}
			},
			"rotation": {
				"origin": [8, 8, 8],
				"axis": "x",
				"angle": 22.5
			},
			"type": "cube"
		},
		{
			"name": "holderstart4",
			"from": [
				7.500000007450581,
				9.300000049173832,
				14.799999967217445
			],
			"to": [
				8.50000000745058,
				10.300000005960465,
				20.899999983608723
			],
			"faces": {
				"north": {"uv": [0, 0, 16, 16], "texture": "#0"},
				"east": {"uv": [0, 0, 16, 16], "texture": "#0"},
				"south": {"uv": [0, 0, 16, 16], "texture": "#0"},
				"west": {"uv": [0, 0, 16, 16], "texture": "#0"},
				"up": {"uv": [0, 0, 16, 16], "texture": "#0"},
				"down": {"uv": [0, 0, 16, 16], "texture": "#0"}
			},
			"rotation": {
				"origin": [8, 8, 8],
				"axis": "x",
				"angle": 22.5
			},
			"type": "cube"
		},
		{
			"name": "holderstart5",
			"from": [
				7.500000007450581,
				6.9000000432133675,
				12.899999983608723
			],
			"to": [
				8.50000000745058,
				7.100000001490116,
				13.899999998509884
			],
			"faces": {
				"north": {"uv": [0, 0, 16, 16], "texture": "#0"},
				"east": {"uv": [0, 0, 16, 16], "texture": "#0"},
				"south": {"uv": [0, 0, 16, 16], "texture": "#0"},
				"west": {"uv": [0, 0, 16, 16], "texture": "#0"},
				"up": {"uv": [0, 0, 16, 16], "texture": "#0"},
				"down": {"uv": [0, 0, 16, 16], "texture": "#0"}
			},
			"type": "cube"
		},
		{
			"name": "holderstart6",
			"from": [
				7.500000007450581,
				10.300000035762787,
				15.999999970197678
			],
			"to": [
				8.50000000745058,
				11.099999986588955,
				20.399999976158142
			],
			"faces": {
				"north": {"uv": [0, 0, 16, 16], "texture": "#0"},
				"east": {"uv": [0, 0, 16, 16], "texture": "#0"},
				"south": {"uv": [0, 0, 16, 16], "texture": "#0"},
				"west": {"uv": [0, 0, 16, 16], "texture": "#0"},
				"up": {"uv": [0, 0, 16, 16], "texture": "#0"},
				"down": {"uv": [0, 0, 16, 16], "texture": "#0"}
			},
			"rotation": {
				"origin": [8, 8, 8],
				"axis": "x",
				"angle": 22.5
			},
			"type": "cube"
		},
		{
			"name": "holderstart8",
			"from": [7.500000007450581, 9.3, 16.499999977648258],
			"to": [
				8.50000000745058,
				9.599999944865704,
				19.599999979138374
			],
			"faces": {
				"north": {"uv": [0, 0, 16, 16], "texture": "#0"},
				"east": {"uv": [0, 0, 16, 16], "texture": "#0"},
				"south": {"uv": [0, 0, 16, 16], "texture": "#0"},
				"west": {"uv": [0, 0, 16, 16], "texture": "#0"},
				"up": {"uv": [0, 0, 16, 16], "texture": "#0"},
				"down": {"uv": [0, 0, 16, 16], "texture": "#0"}
			},
			"rotation": {
				"origin": [8, 6.199999968707562, 7],
				"axis": "x",
				"angle": 22.5
			},
			"type": "cube"
		},
		{
			"name": "holderstart7",
			"from": [
				7.500000007450581,
				11.100000031292439,
				17.499999977648258
			],
			"to": [
				8.50000000745058,
				11.399999976158142,
				20.599999979138374
			],
			"faces": {
				"north": {"uv": [0, 0, 16, 16], "texture": "#0"},
				"east": {"uv": [0, 0, 16, 16], "texture": "#0"},
				"south": {"uv": [0, 0, 16, 16], "texture": "#0"},
				"west": {"uv": [0, 0, 16, 16], "texture": "#0"},
				"up": {"uv": [0, 0, 16, 16], "texture": "#0"},
				"down": {"uv": [0, 0, 16, 16], "texture": "#0"}
			},
			"rotation": {
				"origin": [8, 8, 8],
				"axis": "x",
				"angle": 22.5
			},
			"type": "cube"
		},
		{
			"name": "holderstart8",
			"from": [
				7.400000007450581,
				4.300000034272671,
				20.299999974668026
			],
			"to": [
				8.60000000745058,
				6.299999974668026,
				20.999999970197678
			],
			"faces": {
				"north": {"uv": [0, 0, 16, 16], "texture": "#0"},
				"east": {"uv": [0, 0, 16, 16], "texture": "#0"},
				"south": {"uv": [0, 0, 16, 16], "texture": "#0"},
				"west": {"uv": [0, 0, 16, 16], "texture": "#0"},
				"up": {"uv": [0, 0, 16, 16], "texture": "#0"},
				"down": {"uv": [0, 0, 16, 16], "texture": "#0"}
			},
			"type": "cube"
		},
		{
			"name": "holderstart9",
			"from": [
				7.4000000059604645,
				9.700000055134296,
				16.499999962747097
			],
			"to": [
				8.600000008940697,
				10.800000011920929,
				19.999999979138373
			],
			"faces": {
				"north": {"uv": [0, 0, 16, 16], "texture": "#0"},
				"east": {"uv": [0, 0, 16, 16], "texture": "#0"},
				"south": {"uv": [0, 0, 16, 16], "texture": "#0"},
				"west": {"uv": [0, 0, 16, 16], "texture": "#0"},
				"up": {"uv": [0, 0, 16, 16], "texture": "#0"},
				"down": {"uv": [0, 0, 16, 16], "texture": "#0"}
			},
			"rotation": {
				"origin": [8, 8, 8],
				"axis": "x",
				"angle": 22.5
			},
			"type": "cube"
		},
		{
			"name": "end2",
			"from": [7.300000034272671, 8.099999971687794, -3],
			"to": [7.9000000432133675, 8.69999998062849, -2],
			"faces": {
				"north": {"uv": [0, 0, 16, 16], "texture": "#2"},
				"east": {"uv": [0, 0, 16, 16], "texture": "#2"},
				"south": {"uv": [0, 0, 16, 16], "texture": "#2"},
				"west": {"uv": [0, 0, 16, 16], "texture": "#2"},
				"up": {"uv": [0, 0, 16, 16], "texture": "#2"},
				"down": {"uv": [0, 0, 16, 16], "texture": "#2"}
			},
			"rotation": {
				"origin": [8, 8, 8],
				"axis": "z",
				"angle": -45
			},
			"type": "cube"
		},
		{
			"name": "ammobox4",
			"from": [5, 3, 6.699999979138374],
			"to": [9.6, 6, 7.899999985098839],
			"faces": {
				"north": {"uv": [0, 0, 16, 16], "texture": "#2"},
				"east": {"uv": [0, 0, 16, 16], "texture": "#2"},
				"south": {"uv": [0, 0, 16, 16], "texture": "#2"},
				"west": {"uv": [0, 0, 16, 16], "texture": "#2"},
				"up": {"uv": [0, 0, 16, 16], "texture": "#2"},
				"down": {"uv": [0, 0, 16, 16], "texture": "#2"}
			},
			"rotation": {
				"origin": [6, 6, 8],
				"axis": "z",
				"angle": 45
			},
			"type": "cube"
		},
		{
			"name": "ammobox3",
			"from": [7.200000017881393, 5, 6.699999979138374],
			"to": [12.000000029802322, 8, 7.899999985098839],
			"faces": {
				"north": {"uv": [0, 0, 16, 16], "texture": "#2"},
				"east": {"uv": [0, 0, 16, 16], "texture": "#2"},
				"south": {"uv": [0, 0, 16, 16], "texture": "#2"},
				"west": {"uv": [0, 0, 16, 16], "texture": "#2"},
				"up": {"uv": [0, 0, 16, 16], "texture": "#2"},
				"down": {"uv": [0, 0, 16, 16], "texture": "#2"}
			},
			"rotation": {
				"origin": [8, 8, 8],
				"axis": "z",
				"angle": -45
			},
			"type": "cube"
		}
	],
	"display": {
		"thirdperson_righthand": {
			"scale": [1, 1, 1],
			"translation": [0, 2.5, -1.5]
		},
		"firstperson_righthand": {
			"scale": [1, 1, 1],
			"translation": [-1.5, 3, -2]
		},
		"firstperson_lefthand": {
			"scale": [1, 1, 1],
			"translation": [-1.5, 3, -2.5]
		},
		"thirdperson_lefthand": {
			"scale": [1, 1, 1],
			"translation": [0, 2.5, -1.5]
		},
		"ground": {
			"scale": [1, 1, 1],
			"translation": [0, 1.5, 0]
		},
		"head": {
			"scale": [1, 1, 1],
			"translation": [0, 11.5, 0]
		},
		"fixed": {
			"scale": [0.8, 0.8, 0.8],
			"rotation": [0, 90, 0],
			"translation": [-1, 0.5, -1.5]
		},
		"gui": {
			"scale": [0.825, 0.825, 0.825],
			"rotation": [37, 34, -34],
			"translation": [-0.5, 1, 0]
		}
	}
}