{
	"__comment": "Designed by NathanWolf with Cubik Studio - https://cubik.studio",
	"parent": "magic:base/lit",
	"textures": {
		"atlas": "magic:war/train"
	},
	  "display": {
		"thirdperson_righthand": {
		  "translation":  [ 0, 1.3912, 0 ],
		  "scale":  [ 0.25, 0.25, 0.25 ]
		},
		"thirdperson_lefthand": {
		  "translation":  [ 0, 1.3912, 0 ],
		  "scale":  [ 0.25, 0.25, 0.25 ]
		},
		"firstperson_righthand": {
		  "scale":  [ 0.5, 0.5, 0.5 ]
		},
		"firstperson_lefthand": {
		  "scale":  [ 0.5, 0.5, 0.5 ]
		},
		"gui": {
		  "rotation":  [ 27, 144, 0 ],
		  "translation":  [ 0, 0.6956, 0 ],
		  "scale":  [ 0.4, 0.4, 0.4 ]
		},
		"head": {
		  "translation":  [ 0, -9.734, 0.6956 ],
		  "scale":  [ 4, 4, 4 ],
		  "rotation":  [ 0, 180, 0 ]
		},
		"ground": {
		  "translation":  [ 0, 4.8695, 0 ]
		}
	  },
	"elements": [
		{
			"__comment": "Cube1",
			"from": [ -0.5, 0, -13.5 ],
			"to": [ 16, 10, 29 ],
			"faces": {
				"down": { "uv": [ 0, 14, 5.25, 16 ], "texture": "#atlas", "rotation": 270 },
				"up": { "uv": [ 0, 12, 5.25, 14 ], "texture": "#atlas", "rotation": 90 },
				"north": { "uv": [ 5.25, 11.25, 7.25, 12.5 ], "texture": "#atlas" },
				"south": { "uv": [ 5.25, 10, 7.25, 11.25 ], "texture": "#atlas" },
				"west": { "uv": [ 5.25, 10.75, 0, 9.5 ], "texture": "#atlas", "rotation": 180 },
				"east": { "uv": [ 5.25, 12, 0, 10.75 ], "texture": "#atlas", "rotation": 180 }
			}
		},
		{
			"__comment": "Cube2",
			"from": [ 0.5, 9, -10 ],
			"to": [ 14.5, 20.5, 9.5 ],
			"faces": {
				"down": { "uv": [ 5.25, 14.25, 7.625, 16 ], "texture": "#atlas", "rotation": 270 },
				"up": { "uv": [ 5.25, 12.5, 7.625, 14.25 ], "texture": "#atlas", "rotation": 90 },
				"north": { "uv": [ 7.625, 14.625, 9.375, 16 ], "texture": "#atlas" },
				"south": { "uv": [ 5.25, 8.625, 7, 10 ], "texture": "#atlas" },
				"west": { "uv": [ 4.75, 9.5, 2.375, 8.125 ], "texture": "#atlas", "rotation": 180 },
				"east": { "uv": [ 2.375, 9.5, 0, 8.125 ], "texture": "#atlas", "rotation": 180 }
			}
		},
		{
			"__comment": "Cube3",
			"from": [ 5, 10, 18 ],
			"to": [ 10.5, 17, 23.5 ],
			"faces": {
				"down": { "uv": [ 8.625, 14, 9.25, 14.625 ], "texture": "#atlas", "rotation": 270 },
				"up": { "uv": [ 7.625, 8.125, 8.25, 8.75 ], "texture": "#atlas", "rotation": 90 },
				"north": { "uv": [ 15.125, 15.125, 15.75, 16 ], "texture": "#atlas" },
				"south": { "uv": [ 7, 9.125, 7.625, 10 ], "texture": "#atlas" },
				"west": { "uv": [ 8.25, 11.125, 7.625, 10.25 ], "texture": "#atlas", "rotation": 180 },
				"east": { "uv": [ 8.25, 10.25, 7.625, 9.375 ], "texture": "#atlas", "rotation": 180 }
			}
		},
		{
			"__comment": "Cube4",
			"from": [ -1, -4.5, 1 ],
			"to": [ 0, 3, 9.5 ],
			"faces": {
				"down": { "uv": [ 9.375, 14.875, 10.375, 15 ], "texture": "#atlas", "rotation": 270 },
				"up": { "uv": [ 9.375, 15, 10.375, 15.125 ], "texture": "#atlas", "rotation": 90 },
				"north": { "uv": [ 7.25, 10.375, 7.375, 11.25 ], "texture": "#atlas" },
				"south": { "uv": [ 7.5, 11.625, 7.625, 12.5 ], "texture": "#atlas" },
				"west": { "uv": [ 8.625, 14.625, 7.625, 13.75 ], "texture": "#atlas", "rotation": 180 },
				"east": { "uv": [ 8.625, 13.75, 7.625, 12.875 ], "texture": "#atlas", "rotation": 180 }
			}
		},
		{
			"__comment": "Cube4",
			"from": [ -1, -4.5, -9 ],
			"to": [ 0, 3, -0.5 ],
			"faces": {
				"down": { "uv": [ 3.375, 8, 4.375, 8.125 ], "texture": "#atlas", "rotation": 270 },
				"up": { "uv": [ 2.375, 8, 3.375, 8.125 ], "texture": "#atlas", "rotation": 90 },
				"north": { "uv": [ 7.375, 11.625, 7.5, 12.5 ], "texture": "#atlas" },
				"south": { "uv": [ 7.25, 11.625, 7.375, 12.5 ], "texture": "#atlas" },
				"west": { "uv": [ 12.375, 16, 11.375, 15.125 ], "texture": "#atlas", "rotation": 180 },
				"east": { "uv": [ 13.375, 16, 12.375, 15.125 ], "texture": "#atlas", "rotation": 180 }
			}
		},
		{
			"__comment": "Cube4",
			"from": [ -1, -4.5, 20 ],
			"to": [ 0, 1, 25.5 ],
			"faces": {
				"down": { "uv": [ 7, 8.625, 7.625, 8.75 ], "texture": "#atlas", "rotation": 270 },
				"up": { "uv": [ 7, 8.75, 7.625, 8.875 ], "texture": "#atlas", "rotation": 90 },
				"north": { "uv": [ 5.125, 8, 5.25, 8.625 ], "texture": "#atlas" },
				"south": { "uv": [ 5, 8, 5.125, 8.625 ], "texture": "#atlas" },
				"west": { "uv": [ 5.875, 8.625, 5.25, 8 ], "texture": "#atlas", "rotation": 180 },
				"east": { "uv": [ 6.5, 8.625, 5.875, 8 ], "texture": "#atlas", "rotation": 180 }
			}
		},
		{
			"__comment": "Cube10",
			"from": [ 3.5, 16.5, 17 ],
			"to": [ 11.5, 17.5, 24.5 ],
			"faces": {
				"down": { "uv": [ 13.375, 15, 14.25, 16 ], "texture": "#atlas", "rotation": 270 },
				"up": { "uv": [ 14.25, 15, 15.125, 16 ], "texture": "#atlas", "rotation": 90 },
				"north": { "uv": [ 9.375, 14.75, 10.375, 14.875 ], "texture": "#atlas" },
				"south": { "uv": [ 9.375, 14.625, 10.375, 14.75 ], "texture": "#atlas" },
				"west": { "uv": [ 11.25, 14.875, 10.375, 14.75 ], "texture": "#atlas", "rotation": 180 },
				"east": { "uv": [ 11.25, 14.75, 10.375, 14.625 ], "texture": "#atlas", "rotation": 180 }
			}
		},
		{
			"__comment": "Cube4",
			"from": [ 15.5, -4.5, 20 ],
			"to": [ 16.5, 1, 25.5 ],
			"faces": {
				"down": { "uv": [ 7, 8.875, 7.625, 9 ], "texture": "#atlas", "rotation": 270 },
				"up": { "uv": [ 7, 9, 7.625, 9.125 ], "texture": "#atlas", "rotation": 90 },
				"north": { "uv": [ 4.75, 8, 4.875, 8.625 ], "texture": "#atlas" },
				"south": { "uv": [ 4.875, 8, 5, 8.625 ], "texture": "#atlas" },
				"west": { "uv": [ 8.25, 9.375, 7.625, 8.75 ], "texture": "#atlas", "rotation": 180 },
				"east": { "uv": [ 7.125, 8.625, 6.5, 8 ], "texture": "#atlas", "rotation": 180 }
			}
		},
		{
			"__comment": "Cube4",
			"from": [ 15.5, -4.5, 1 ],
			"to": [ 16.5, 3, 9.5 ],
			"faces": {
				"down": { "uv": [ 10.375, 14.875, 11.375, 15 ], "texture": "#atlas", "rotation": 270 },
				"up": { "uv": [ 10.375, 15, 11.375, 15.125 ], "texture": "#atlas", "rotation": 90 },
				"north": { "uv": [ 4.875, 8.625, 5, 9.5 ], "texture": "#atlas" },
				"south": { "uv": [ 4.75, 8.625, 4.875, 9.5 ], "texture": "#atlas" },
				"west": { "uv": [ 8.625, 12.875, 7.625, 12 ], "texture": "#atlas", "rotation": 180 },
				"east": { "uv": [ 8.625, 12, 7.625, 11.125 ], "texture": "#atlas", "rotation": 180 }
			}
		},
		{
			"__comment": "Cube4",
			"from": [ 15.5, -4.5, -9 ],
			"to": [ 16.5, 3, -0.5 ],
			"faces": {
				"down": { "uv": [ 1, 8, 2, 8.125 ], "texture": "#atlas", "rotation": 270 },
				"up": { "uv": [ 0, 8, 1, 8.125 ], "texture": "#atlas", "rotation": 90 },
				"north": { "uv": [ 5, 8.625, 5.125, 9.5 ], "texture": "#atlas" },
				"south": { "uv": [ 5.125, 8.625, 5.25, 9.5 ], "texture": "#atlas" },
				"west": { "uv": [ 11.375, 16, 10.375, 15.125 ], "texture": "#atlas", "rotation": 180 },
				"east": { "uv": [ 10.375, 16, 9.375, 15.125 ], "texture": "#atlas", "rotation": 180 }
			}
		}
	]
}